gene_name,TCGA-09-2044-01,TCGA-13-1505-01,TCGA-25-1319-01,TCGA-25-2397-01
ABL1,3.1112,4.2743,4.2017,3.0978
ABL2,1.0079,1.0503,0.8647,0.1257
ACAA1,4.7866,4.2111,4.38,4.2526
ACACA,3.6861,3.2158,4.5072,3.402
ACACB,0.3573,2.0147,1.2815,1.125
ACADL,-6.5064,-3.0469,-5.0116,-3.1714
ACADM,4.5374,4.511,4.4483,4.6242
ACOX1,3.8085,2.7051,3.6054,3.6737
ACOX2,3.7028,2.3451,1.2333,1.4174
ACOX3,1.787,3.1892,1.9822,3.4477
ACSBG1,-5.0116,-2.0529,-0.9406,-3.816
ACSBG2,-3.1714,-1.6394,-1.0862,-3.1714
ACSL1,1.9601,2.7931,4.1449,3.0893
ACSL3,4.2825,3.5982,4.795,4.7485
ACSL4,4.433,3.2781,3.3563,3.2929
ACSL5,3.6219,2.0776,2.5011,3.637
ACSL6,-3.26905,-3.5628,-4.80425,-6.8909
ACTA2,5.8635,8.5372,5.6537,3.9774
ACTB,11.2932,11.2523,11.5372,11.2502
ACTG1,12.2239,10.6018,11.2155,10.7299
ACVR1,4.018,3.9792,3.9242,2.7657
ACVR1B,2.3135,4.2312,3.5009,2.0604
ACVR1C,-3.3076,-1.0262,-2.8262,-9.9658
ACVR2A,0.3231,2.4465,1.6558,1.2934
ACVR2B,-0.2328,1.3225,1.196,-0.8339
ADAM17,3.0217,3.9737,3.5959,2.0147
ADCY1,-1.6394,-0.1345,-3.1714,-4.2934
ADCY10,-5.0116,-4.6082,-6.5064,-5.5735
ADCY2,-5.5735,-0.9686,-3.1714,-6.5064
ADCY3,3.5486,3.6382,3.2841,3.1637
ADCY4,-0.0425,1.0642,1.884,0.4125
ADCY5,0.7407,0.1519,2.5804,-1.2142
ADCY6,1.4704,3.3506,2.1541,1.6234
ADCY7,2.5413,1.1447,1.1184,2.7007
ADCY8,-5.5735,-1.0262,4.8871,5.0653
ADCY9,-0.1504,1.9564,0.7748,1.3679
ADCYAP1,-0.7834,-5.0116,-4.6082,1.6785
ADCYAP1R1,-0.1187,1.3791,1.6327,-5.0116
ADGRB1,-1.4699,-1.4699,-5.5735,-2.0529
ADIPOQ,-6.5064,1.7995,-6.5064,-9.9658
ADIPOR1,7.0386,6.2246,7.1268,6.6939
ADIPOR2,4.1285,4.5211,3.6054,3.9956
ADORA1,1.6327,2.1894,0.7579,4.1531
ADORA2A,0.6425,0.537,0.3685,0.4552
ADORA2B,-2.2447,-0.3201,-2.3147,1.3225
ADORA3,1.6957,1.0462,2.0847,1.9137
ADRA1A,-3.6259,-5.0116,-6.5064,-9.9658
ADRA1B,0.7407,-1.3548,-1.5105,-0.0877
ADRA1D,-3.0469,-3.3076,-3.3076,-1.5522
ADRA2A,2.3732,3.755,-1.1811,3.222
ADRA2B,0.4657,-1.2828,0.4657,-2.3884
ADRA2C,4.849,2.118,0.1648,4.7285
ADRB1,-1.8314,-1.9942,-5.0116,-2.4659
ADRB2,-1.9942,-2.3884,-1.5105,-2.9324
ADRB3,-9.9658,-3.458,-6.5064,-3.816
AFDN,0.0,0.0,0.0,0.0
AFP,-5.0116,-3.816,-3.6259,-9.9658
AGAP2,-0.6416,-0.2159,-0.3201,-2.3147
AGER,1.0915,3.4331,3.1987,2.5338
AGRP,-4.035,-3.458,-5.0116,-2.9324
AGT,-3.1714,-0.8339,-1.3548,-2.9324
AGTR1,-3.458,-1.4305,-2.7274,-6.5064
AIFM2,2.7847,1.8444,1.8957,3.4183
AIM2,0.1648,-1.3921,-0.4131,-3.0469
AJUBA,2.7073,4.1587,2.5087,3.7269
AKT1,6.2167,6.6327,5.9336,5.3978
AKT1S1,5.6256,5.1429,5.7123,6.1069
AKT2,6.5021,6.0354,6.3445,6.8262
AKT3,3.8611,1.0293,-0.2498,-0.6416
ALDOA,9.9758,9.7184,10.3813,10.9649
ALDOB,-6.5064,-6.5064,-5.0116,-5.5735
ALDOC,0.5859,3.8002,1.1382,0.9115
AMH,-3.816,-1.2481,1.7273,-0.7346
AMHR2,-1.9942,2.0742,-1.3921,-9.9658
AMOT,2.1638,4.1061,4.215,4.466
ANAPC5,5.3126,6.4619,6.1675,5.0884
ANGPT1,-1.3921,-0.5543,-2.5479,-2.8262
ANGPT2,1.9968,-0.3752,2.9655,1.3623
ANGPT4,-1.7809,-3.6259,-4.2934,-4.6082
ANGPTL4,0.6517,1.46,2.0912,3.6578
AOX1,-1.1172,0.1388,-0.6193,0.4016
APAF1,0.6517,2.3981,2.3222,0.9642
APBB1IP,2.128,1.7403,2.0465,1.7009
APC,0.9115,0.099,1.1316,1.7912
APC2,-4.6082,-2.114,-3.458,-1.9942
APH1A,7.5423,7.424,7.4125,6.9893
APH1B,2.8502,2.3106,2.05,2.7073
APLN,2.2237,-0.8863,1.9527,1.8323
APLNR,1.3679,2.694,0.537,-1.1172
APOA1,5.6568,3.66,7.124,5.1958
APOA2,-3.458,-9.9658,-9.9658,-9.9658
APOA5,-5.0116,-4.2934,-9.9658,-9.9658
APOC3,-9.9658,-9.9658,-9.9658,-9.9658
AQP7,-2.9324,1.1117,-1.9942,-0.6643
ARAF,5.6594,6.4155,5.8817,5.3692
ARAP3,2.2299,1.0503,1.4652,1.9968
AREG,1.2394,-0.9971,0.044,-0.1031
ARF1,8.7109,7.8291,7.8995,8.379
ARF6,5.6144,4.6502,4.9915,4.9937
ARHGDIA,7.9999,7.029,8.0914,7.2411
ARHGDIB,6.316,5.6453,5.7442,5.6343
ARHGDIG,-1.5951,0.2998,-0.6193,-0.3201
ARHGEF12,1.9302,3.8085,3.011,4.309
ARNT,3.325,4.2862,4.3082,3.5287
ARRB1,3.0619,1.6604,2.0147,2.651
ARRB2,5.2821,5.2369,4.4115,4.4595
ASPH,4.2609,5.1161,3.4304,4.1804
ATF2,4.3869,3.9552,4.1962,3.6277
ATF4,7.1514,7.2573,6.4295,6.8267
ATF6B,5.9803,5.9656,6.2334,6.3797
ATG12,4.9402,3.2841,3.4894,4.4602
ATG16L1,3.551,2.8055,3.5161,3.2251
ATG5,4.1644,4.4855,4.041,3.3814
ATM,1.3791,2.667,1.3051,2.0183
ATP1A1,7.1672,7.0666,7.4475,7.8254
ATP1A2,-2.5479,-0.2845,-1.0262,-2.7274
ATP1A3,3.0323,-4.2934,-3.1714,-0.7834
ATP1A4,-9.9658,-5.0116,-5.0116,-6.5064
ATP1B1,4.1595,5.4202,4.7082,4.1111
ATP1B2,-1.4699,3.4116,0.5271,-3.0469
ATP1B3,5.0993,5.0063,5.8199,6.2054
ATP1B4,-9.9658,-9.9658,-6.5064,-9.9658
ATP2A1,0.1257,0.9191,0.2998,0.7146
ATP2A2,5.0943,5.8839,6.0121,4.9486
ATP2A3,1.7273,1.8484,0.7321,-0.4921
ATP2B1,1.7617,3.834,3.6578,3.4648
ATP2B2,1.4228,-3.816,2.128,0.1388
ATP2B3,-2.6349,-1.5951,-3.0469,-4.2934
ATP2B4,5.3551,6.3896,6.151,4.9505
ATP6V1A,4.4964,4.1002,3.7909,3.4635
ATP6V1B1,5.8076,5.3045,5.8513,3.8147
ATP6V1B2,5.2691,3.7836,5.2717,4.1359
ATP6V1C1,3.6463,4.47,3.8421,4.9533
ATP6V1C2,-1.1811,1.9264,3.6382,6.0468
ATP6V1D,5.4896,4.4364,5.0108,4.2235
ATP6V1E1,6.6729,5.6183,5.6713,6.6959
ATP6V1E2,1.8918,2.3423,2.7951,1.7912
ATP6V1F,8.6871,6.9667,7.1077,7.9806
ATP6V1G1,6.2748,6.917,6.3268,7.269
ATP6V1G2,2.6556,0.679,0.8647,-1.2481
ATP6V1G3,-9.9658,-9.9658,-9.9658,-9.9658
ATP6V1H,4.8861,4.9079,4.5571,4.7539
ATR,2.108,2.0218,2.4805,2.2872
ATXN1,2.6873,3.242,3.4143,3.6042
ATXN1L,1.787,2.0395,2.5238,2.5213
AVP,-5.5735,-9.9658,-3.816,-9.9658
AVPR1A,-1.1811,-1.6394,-0.4719,-2.4659
AVPR1B,-2.3147,-3.458,-2.1779,0.0854
AVPR2,-1.7809,-4.2934,-2.8262,-0.0574
AXIN1,3.3506,5.0104,3.4945,3.1261
AXIN2,4.4938,4.3979,4.0366,3.0533
AZI2,5.1006,4.8299,4.9589,3.728
BAD,6.4756,5.9136,5.6662,6.3947
BAG4,2.3536,2.9765,2.2723,2.3898
BAMBI,2.8321,1.0847,-0.7588,-1.3548
BAX,7.1605,4.9746,5.1895,6.3747
BBC3,2.5876,1.8762,0.9268,3.6509
BCAR1,3.4583,3.9599,3.4318,4.1186
BCL10,3.1028,2.4571,3.0602,2.4623
BCL2,0.2762,0.8568,0.8082,-0.1187
BCL2A1,1.412,0.6145,0.7407,1.4547
BCL2L1,6.251,5.5062,6.6362,6.4917
BCL2L11,3.483,3.5262,3.716,3.0893
BCL3,5.1355,4.812,5.8438,5.4829
BCL6,3.865,5.6974,5.0867,4.8992
BDKRB1,-2.114,-3.0469,-5.5735,-3.816
BDKRB2,0.2029,-1.3921,-1.0862,-3.3076
BDNF,-0.3566,-0.1031,-3.458,-2.7274
BECN1,5.275,4.4033,5.4595,4.0584
BECN2,-9.9658,-3.6259,-2.6349,-9.9658
BEX3,0.0,0.0,0.0,0.0
BID,6.6713,5.1182,3.309,6.7883
BIRC2,3.8471,4.9987,4.499,5.082
BIRC3,0.4761,0.6145,0.8805,2.8522
BIRC5,5.9871,3.831,4.4364,4.1571
BLNK,1.8643,1.2394,1.5998,1.0711
BMP2,-3.6259,-0.4719,-3.816,-4.6082
BMP4,1.9073,3.8411,2.0218,2.3843
BMP5,-9.9658,-3.458,-3.816,-9.9658
BMP6,-1.1811,2.6348,0.0014,0.7233
BMP7,7.1708,4.5736,6.254,6.0414
BMP8A,-0.4325,-0.0574,-0.4921,-1.1488
BMP8B,-0.4719,1.6604,0.8082,0.4552
BMPR1A,2.609,2.9544,2.3308,2.1541
BMPR1B,2.0289,1.5661,2.9319,3.0654
BMPR2,2.5828,3.836,3.4318,2.6715
BNIP3,6.8518,5.373,5.3699,6.597
BOC,5.6071,5.446,3.3047,2.77
BORCS8-MEF2B,0.0,0.0,0.0,0.0
BRAF,3.3235,2.7951,2.0325,2.9911
BRAP,2.0742,3.1829,3.3938,2.0004
BRCA1,-1.8314,1.595,2.2753,-2.8262
BRCC3,3.6266,2.9413,3.0876,3.8259
BTC,2.8858,-2.6349,2.9167,3.6405
BTK,1.614,0.8408,0.9716,0.7832
BTRC,2.7972,1.8323,2.4985,2.0707
BUB1B-PAK6,0.0,0.0,0.0,0.0
CAB39,4.2227,3.9552,4.2041,3.6928
CAB39L,0.9642,1.177,2.8641,1.8484
CACNA1C,-2.0529,1.1577,-1.1488,-2.4659
CACNA1D,-2.0529,0.1648,0.044,1.4441
CACNA1F,-1.7322,-1.6394,-0.1993,0.0718
CACNA1S,-6.5064,-5.5735,-6.5064,-9.9658
CACNA2D1,-1.2481,-0.3201,-3.0469,-3.458
CACNA2D2,0.1648,-0.0277,-2.3147,-1.7322
CACNA2D3,-1.7809,0.9935,-1.1172,3.4075
CACNA2D4,2.1925,0.5568,1.0079,2.0465
CACNB1,1.9452,2.8661,2.3366,0.9493
CACNB2,-1.8314,-0.0574,-2.2447,-2.4659
CACNB3,3.5111,4.7203,3.3787,3.3591
CACNB4,-3.1714,-1.5522,-4.6082,-2.3147
CACNG1,-3.816,-1.5522,-0.2845,-2.9324
CACNG2,-6.5064,-9.9658,-9.9658,-9.9658
CACNG3,-9.9658,-9.9658,-9.9658,-9.9658
CACNG4,0.8883,4.7033,5.4253,4.0765
CACNG5,-5.0116,-5.0116,-9.9658,-9.9658
CACNG6,-6.5064,-4.6082,-3.0469,-9.9658
CACNG7,-6.5064,-9.9658,-9.9658,-9.9658
CACNG8,-9.9658,-2.5479,-4.6082,-3.6259
CACYBP,7.7414,6.1303,6.4438,6.4691
CALM1,8.8765,7.9382,8.1726,7.0553
CALM2,9.5839,9.1,8.389,9.257
CALM3,8.7556,7.3324,6.6248,7.0622
CALML3,-6.5064,-2.4659,-4.2934,-3.3076
CALML4,1.5758,2.2237,1.7053,4.1692
CALML5,6.1332,1.2394,-1.0262,-5.0116
CALML6,-1.2481,-2.114,-6.5064,-1.4699
CAMK1,4.4739,2.1638,2.9469,2.824
CAMK1D,3.907,4.8832,2.5462,3.4907
CAMK1G,-2.0529,-0.3022,1.1117,-3.1714
CAMK2A,-5.5735,-3.0469,-5.5735,-9.9658
CAMK2B,-0.9132,-1.6394,-3.6259,1.177
CAMK2D,0.9038,2.5263,3.2313,2.7095
CAMK2G,3.0533,3.7971,3.2065,4.5766
CAMK4,-0.9686,-0.4921,-3.6259,-2.8262
CAMKK2,3.0127,3.8581,3.9983,3.2511
CAMP,-5.5735,-9.9658,-3.1714,-1.1488
CARD10,1.0642,2.8799,2.2813,0.9419
CARD11,2.7742,0.2642,0.2762,2.5163
CARD14,-2.114,-0.2498,1.4859,1.2023
CARD16,3.6748,3.3464,3.9079,3.2587
CARD17,-1.8314,-2.4659,-9.9658,-9.9658
CARD18,-9.9658,0.517,-1.0559,-9.9658
CARD6,0.2998,0.2998,2.2082,0.0014
CARD8,3.0323,2.7336,2.3732,2.9562
CARD9,1.9264,1.8444,0.688,2.7826
CASP1,3.8105,3.0498,3.6393,2.93
CASP10,1.7009,1.3225,3.136,2.5061
CASP12,-3.1714,-3.816,-3.3076,-4.035
CASP3,3.6393,3.1011,3.7625,2.6805
CASP4,4.3527,5.318,5.2134,5.9498
CASP5,-2.3147,-9.9658,-4.6082,-4.035
CASP7,3.9682,3.6335,3.9403,3.9251
CASP8,3.4894,4.225,5.3352,3.8827
CASP9,3.162,3.1079,5.1371,3.5111
CASQ1,-1.3921,-1.1172,-2.9324,-1.2828
CASQ2,-4.6082,-2.8262,-2.9324,-3.1714
CASR,-3.816,-5.5735,-4.6082,-6.5064
CASTOR1,0.0,0.0,0.0,0.0
CASTOR2,0.0,0.0,0.0,0.0
CAT,5.3934,4.5946,6.0133,4.9079
CBL,0.9789,1.8119,0.679,1.4228
CBLB,3.5851,3.6136,3.7582,3.0092
CCKAR,-9.9658,-9.9658,-5.5735,-9.9658
CCKBR,0.099,0.9642,-2.7274,-0.7588
CCL1,-9.9658,-9.9658,-9.9658,-9.9658
CCL11,1.1512,1.4281,-1.685,-1.7809
CCL13,0.7407,-2.2447,-0.5125,-2.7274
CCL14,-0.3383,2.081,0.4761,-2.1779
CCL15,-9.9658,-9.9658,-3.3076,-9.9658
CCL16,-9.9658,-9.9658,-9.9658,-9.9658
CCL17,-2.3147,-0.394,-2.3147,-9.9658
CCL18,-1.1811,0.3796,-0.5543,-0.0425
CCL19,0.8961,2.0673,-0.6873,-9.9658
CCL2,6.7122,4.9397,5.2373,4.9552
CCL20,4.8053,-0.9132,-2.3147,2.2543
CCL21,-3.816,2.5338,1.7403,-4.035
CCL22,-2.9324,-0.8084,-2.4659,-4.2934
CCL23,-1.0559,-3.6259,-4.6082,-2.7274
CCL24,-3.6259,-3.458,-1.7809,-3.458
CCL25,-0.3022,-2.2447,-0.8084,-9.9658
CCL26,-1.4699,-0.4921,-2.2447,-3.1714
CCL27,-4.2934,-3.458,-9.9658,-9.9658
CCL28,5.0197,4.0251,3.4543,3.421
CCL3,4.2327,2.3816,3.1908,3.3148
CCL3L1,0.0,0.0,0.0,0.0
CCL3L3,3.287,0.2522,1.7229,1.5563
CCL4,4.061,2.3106,2.6693,3.0825
CCL4L1,0.0,0.0,0.0,0.0
CCL4L2,4.6124,1.412,2.7205,2.4831
CCL5,4.2196,3.6195,3.7193,2.0912
CCL7,1.2147,-2.3147,-2.0529,-4.035
CCL8,3.9346,-0.1345,1.4228,-0.2671
CCN2,0.0,0.0,0.0,0.0
CCNA1,6.4952,0.9419,5.765,3.5473
CCNA2,4.3484,3.8187,3.9524,3.652
CCNB1,6.119,4.5173,5.8758,4.5392
CCNB2,6.0862,4.7544,4.1178,4.6171
CCNB3,-3.816,-0.5973,0.4233,-1.8314
CCND1,3.492,5.1643,2.0183,5.1478
CCND2,0.5271,4.9598,0.6145,3.864
CCND3,5.9134,6.5443,5.3583,5.5389
CCNE1,3.6849,0.9568,4.7677,3.7356
CCNE2,2.9525,0.7664,0.8246,1.3283
CCNG1,4.8625,5.4186,5.4273,6.9445
CCNG2,3.4543,4.3392,5.1867,3.9865
CCR1,2.8137,0.8164,2.3337,1.4335
CCR10,2.0776,-0.7108,-0.2845,1.8036
CCR2,-0.8599,0.3346,-1.3921,-2.3147
CCR3,-5.5735,-2.8262,-3.816,-4.035
CCR4,-2.3884,-2.3147,-2.7274,-5.0116
CCR5,0.6517,-0.3752,-0.013,-0.3022
CCR6,-5.0116,-6.5064,-2.8262,-2.1779
CCR7,-0.2498,0.03,0.044,-2.3884
CCR8,1.614,-2.8262,3.2707,-4.035
CCR9,-6.5064,-9.9658,-6.5064,-5.5735
CD14,6.7355,4.3618,5.969,6.2893
CD19,-2.3147,-0.7834,-1.7322,-1.9379
CD209,0.4865,-1.0862,1.3454,-1.4305
CD22,3.2158,3.1045,1.5064,0.2762
CD247,0.0854,0.0854,-0.5125,-1.5522
CD28,0.5859,-1.685,-1.5522,-0.9406
CD36,2.2633,3.449,0.8327,-0.8084
CD38,0.8883,0.6145,-0.1031,-2.3884
CD3E,1.8918,2.77,2.3193,-0.4719
CD4,5.0339,3.2722,4.4673,3.6335
CD40,3.7028,1.5366,2.77,3.402
CD40LG,-3.6259,-1.9379,-1.5105,-6.5064
CD72,2.5437,1.8801,2.8974,1.1382
CD79A,1.334,3.1717,-1.8836,-2.1779
CD79B,0.8164,0.4016,-0.0877,-2.3147
CD80,0.8647,-0.9971,-1.1172,-0.9132
CD82,5.318,3.0376,3.5187,4.7209
CD86,3.5982,1.4335,2.3366,2.0776
CD8A,1.9034,1.3283,1.4494,-0.4921
CD8B,1.0711,1.7575,0.1519,-2.3884
CD8B2,0.0,0.0,0.0,0.0
CDC25B,6.0962,4.1011,4.5454,4.347
CDC37,6.2174,6.2683,8.3037,5.9835
CDC42,7.8187,7.4727,7.6286,7.7521
CDH1,4.9704,5.2769,5.9805,5.9998
CDK1,5.6982,4.9505,4.0584,5.0392
CDK2,4.935,5.0304,5.1069,3.6983
CDK4,7.9897,7.3188,6.932,5.696
CDK6,-1.9379,1.3679,-2.3147,2.0289
CDKN1A,4.6634,3.8818,4.8136,2.8442
CDKN1B,5.8895,4.3399,3.4156,4.5982
CDKN2A,9.992,3.4129,8.6143,6.4303
CDKN2B,3.3235,1.5266,2.5828,2.0844
CDKN2D,3.4424,3.5694,5.1684,2.7292
CDON,0.6699,1.9415,1.5612,1.6964
CEBPB,7.2574,6.5869,6.2614,6.2048
CER1,-9.9658,-5.5735,-6.5064,-9.9658
CFLAR,5.1396,4.7903,4.3017,4.7576
CFTR,3.4318,-0.3022,-0.6873,3.4984
CGA,-9.9658,-9.9658,-9.9658,-3.816
CHAD,-6.5064,0.346,-3.0469,-0.5125
CHD8,4.5711,4.5742,4.852,4.287
CHEK1,3.1765,2.8974,2.6114,2.8096
CHEK2,3.2158,2.5561,3.2251,2.5137
CHRD,-2.1779,0.9343,-0.5756,-2.6349
CHRM1,-9.9658,-6.5064,-4.6082,-9.9658
CHRM2,-9.9658,-3.3076,-3.0469,-9.9658
CHRM3,-1.5951,1.736,-1.4305,2.0673
CHRM5,-5.0116,-4.6082,-9.9658,-5.5735
CHUK,3.3993,2.5388,2.6208,2.362
CIR1,3.9682,4.585,4.5862,4.3541
CISH,2.7487,1.4808,1.3791,3.2127
CLEC1B,-5.5735,-5.0116,-3.816,-5.0116
CLEC4D,-5.0116,-5.5735,-4.6082,-2.3147
CLEC4E,1.1184,-1.0262,-2.1779,-0.5756
CLEC4M,-9.9658,-3.6259,-3.3076,-3.458
CLEC6A,-3.6259,-5.5735,-5.5735,-4.2934
CLEC7A,3.0961,1.412,2.4985,2.043
CLIP1,2.1574,2.7465,3.4075,2.8301
CNR1,-2.3884,-4.6082,-4.035,-4.2934
CNTF,-4.2934,-2.3147,-1.9942,-2.9324
CNTFR,2.3926,4.499,-0.2671,3.8581
COL1A1,6.1102,10.5459,7.5407,5.1942
COL1A2,5.911,10.0598,7.3635,5.3013
COL2A1,-1.9942,2.8701,-2.6349,-3.458
COL3A1,5.306,9.5703,5.6519,4.9074
COL4A1,4.844,4.8074,5.1061,3.9175
COL4A2,5.3875,6.2192,5.9468,5.1518
COL4A3,-5.5735,-2.0529,-5.0116,-3.6259
COL4A4,-4.6082,-3.1714,-3.6259,-4.2934
COL4A5,2.233,3.8421,1.7828,4.041
COL4A6,-3.3076,0.8647,-1.3921,-0.2159
COL6A1,4.7138,6.7939,5.3882,4.6335
COL6A2,5.443,6.9424,5.6505,4.0935
COL6A3,3.2587,5.8558,3.5694,1.5115
COL6A5,-9.9658,-4.6082,-5.5735,-6.5064
COL6A6,-6.5064,-1.8836,-5.0116,-3.816
COL9A1,-1.0862,1.1117,0.2642,-6.5064
COL9A2,1.5998,5.585,3.5657,3.3003
COL9A3,-1.2828,4.0233,-1.0559,1.3511
COMP,2.9618,4.97,1.9415,-0.9686
COP1,0.0,0.0,0.0,0.0
CPT1A,2.7161,3.3993,3.5766,3.8808
CPT1B,2.2421,3.871,1.8323,1.0433
CPT1C,4.8329,3.551,1.334,1.7403
CPT2,2.9929,3.0234,3.5523,4.2274
CREB1,4.2235,3.5815,4.1203,3.1442
CREB3,5.8349,5.2434,5.3643,5.1056
CREB3L1,0.2881,3.833,1.5266,0.7058
CREB3L2,2.2931,3.2466,2.561,3.1717
CREB3L3,-5.0116,-4.6082,-6.5064,-9.9658
CREB3L4,4.1069,4.9374,3.8759,3.794
CREB5,2.1345,1.3846,0.2029,0.8164
CREBBP,2.8096,5.6617,4.6154,3.1829
CRK,4.0357,5.0484,3.2737,3.3897
CRKL,4.5047,3.4477,4.0153,2.6647
CRLF2,-9.9658,-9.9658,-8.2361,-8.2361
CRTC2,4.4732,5.7439,5.3491,4.591
CSF1,6.1241,3.7182,6.0951,4.2884
CSF1R,4.3263,3.1491,3.9856,4.0198
CSF2,-3.1714,-5.0116,-5.5735,-5.0116
CSF2RA,-4.08315,-4.4718,-4.19745,-4.32165
CSF2RB,0.2881,-0.0574,0.1257,-0.4325
CSF3,-3.816,-9.9658,-9.9658,-4.2934
CSF3R,5.4367,2.2723,1.8078,2.561
CSH1,-9.9658,-6.5064,-9.9658,-9.9658
CSH2,-5.0116,-9.9658,-9.9658,-9.9658
CSN2,-6.5064,-0.8599,2.4225,-9.9658
CSNK1A1,6.381,5.4307,5.4172,6.3176
CSNK1A1L,-9.9658,-6.5064,-9.9658,-9.9658
CSNK1D,6.7996,5.9244,6.2361,6.1256
CSNK1E,4.7367,5.488,5.5151,4.6815
CSNK1G1,2.0289,2.3077,2.1734,2.4035
CSNK1G2,4.251,4.9942,5.0409,4.5982
CSNK1G3,3.3003,2.6602,2.9984,3.7709
CSNK2A1,6.4363,6.1324,5.7334,5.4213
CSNK2A2,3.7783,4.0357,4.0756,4.4556
CSNK2A3,0.7146,0.346,-0.0877,0.4447
CSNK2B,9.4202,7.4453,8.1461,8.2587
CTBP1,6.4024,6.8052,6.3958,6.5718
CTBP2,5.9521,5.2899,5.1724,5.6988
CTF1,2.8402,2.4934,2.8701,4.7394
CTLA4,-0.8084,-1.3548,-2.7274,-4.035
CTNNA1,6.8056,5.7536,6.7455,6.7363
CTNNA2,0.517,2.4883,1.3511,2.1411
CTNNA3,-9.9658,-3.6259,-2.5479,-9.9658
CTNNB1,7.3109,7.7388,7.4203,6.1729
CTNNBIP1,5.2925,4.5305,4.986,4.2312
CTNND1,5.0816,5.7554,5.917,5.8453
CTNND2,-4.6082,-3.458,-1.9379,-0.8084
CTSB,9.6814,8.446,7.5686,7.7911
CTSD,8.6214,7.3865,8.7363,8.3381
CUL1,4.1425,4.7677,4.1244,4.1954
CUL3,5.0803,4.9421,5.0462,5.0077
CX3CL1,2.7117,2.0465,1.0915,3.0842
CX3CR1,0.7146,2.167,2.5137,2.9224
CXCL1,2.2901,-0.1345,-2.6349,2.233
CXCL10,5.8597,4.1044,6.1623,3.0092
CXCL11,3.1749,1.5902,2.3536,-0.6193
CXCL12,5.104,5.8985,1.9149,1.0079
CXCL13,3.0056,2.0638,-1.0262,-1.5105
CXCL14,-0.2159,6.3463,2.0254,-0.5543
CXCL16,5.2338,5.6014,5.4233,5.4043
CXCL2,1.8762,1.0503,-0.9971,1.2023
CXCL3,1.2147,-0.9132,-3.458,1.5998
CXCL5,-0.9971,-2.6349,-6.5064,0.044
CXCL6,-1.7322,-0.5973,-5.0116,0.4233
CXCL8,3.5851,1.816,-0.7834,2.7205
CXCL9,2.0878,2.4649,2.4544,-1.9942
CXCR1,-6.5064,-4.2934,-3.816,-2.8262
CXCR2,-3.0469,-2.9324,-2.5479,-2.3147
CXCR3,0.8726,0.9268,1.3956,-1.3183
CXCR4,5.6988,6.3542,7.0479,6.918
CXCR5,0.537,2.7847,0.2522,1.2875
CXCR6,-0.1993,-0.013,0.4865,-2.3884
CXXC4,-6.5064,-0.5332,1.934,-9.9658
CYBA,9.0887,7.4147,8.3369,9.2987
CYBB,3.9956,2.3536,3.868,2.8936
CYCS,7.3952,5.2304,5.4393,7.826
CYLD,3.7857,1.692,2.2842,2.5561
CYP17A1,2.0076,0.0718,0.5859,0.5763
CYP27A1,2.6043,2.6873,3.1278,1.9034
CYP7A1,-9.9658,-6.5064,-9.9658,-6.5064
CYP8B1,-6.5064,-6.5064,-3.458,-5.5735
CYSLTR1,1.2516,-0.9686,-1.0262,-1.4305
CYSLTR2,-3.1714,-3.1714,-2.9324,-2.7274
CYTH1,2.8076,2.8838,3.3717,3.4817
CYTH2,5.3241,5.0549,4.4803,5.0592
CYTH3,1.3791,3.5098,2.6278,3.7825
CYTH4,2.5996,1.4174,1.8242,1.8404
DAAM1,2.0147,2.4857,2.9052,3.2065
DAAM2,1.674,3.1261,-0.1187,-0.3566
DAB2IP,3.0568,3.8177,4.1441,3.6928
DAPP1,0.6332,0.4447,2.6624,2.7249
DAXX,5.3792,4.2943,4.7651,4.306
DBI,8.2848,6.0932,6.8902,7.4487
DCHS1,0.3907,1.8643,0.1648,-1.1172
DCHS2,-0.1187,-1.9379,-1.5951,-2.4659
DCN,5.0913,8.2756,5.4932,4.2419
DDB2,3.9956,3.3119,2.6918,2.2299
DDIT3,4.7919,4.4932,4.5577,3.7688
DDIT4,6.2497,4.6611,6.0061,5.4591
DDX3X,4.957,4.3688,5.9768,5.1684
DDX58,3.3478,3.2915,3.9883,3.0305
DEFB4A,0.8164,-9.9658,1.8242,-9.9658
DEFB4B,-9.9658,-9.9658,-9.9658,-1.1811
DEPDC5,1.0642,2.4727,1.5709,1.9073
DEPTOR,2.8622,3.3689,4.6265,5.2536
DHH,-4.6082,-3.816,-3.816,-3.816
DHX33,1.3454,2.7679,1.9188,1.1382
DHX58,3.3321,3.0757,3.833,1.9859
DIAPH1,5.3837,4.2699,5.4973,5.3449
DISP1,0.3115,1.3397,1.6187,0.8408
DKK1,-4.6082,-2.3147,-6.5064,-2.3884
DKK2,0.7058,-0.0425,-0.9686,-2.5479
DKK4,-9.9658,3.6042,-2.3884,-5.0116
DLG1,4.3779,4.4816,3.6759,4.2699
DLG2,-4.035,-0.394,-1.2142,-2.7274
DLG3,4.314,3.6555,4.441,3.8973
DLG4,3.2752,4.5559,2.3193,1.6234
DLG5,3.2677,4.0833,3.186,4.2056
DLL1,-0.9686,0.4447,-1.3183,0.4125
DLL3,0.6425,-0.2328,-2.3147,0.2522
DLL4,1.3956,0.547,1.5998,0.4865
DNM1L,4.3667,4.5994,4.7629,3.6125
DOCK2,1.1833,0.7748,1.0711,0.8488
DOCK4,1.1447,1.9786,0.5069,2.2723
DRD1,-6.5064,-6.5064,-9.9658,-4.035
DRD2,1.2576,0.03,1.7316,0.1903
DRD5,-0.6193,-5.0116,-9.9658,-5.5735
DTX1,1.4335,0.3231,0.1124,-0.0877
DTX2,3.4739,3.0163,3.1261,3.7453
DTX3,3.4102,5.3674,5.3705,1.0711
DTX3L,5.2204,2.8974,5.3126,3.644
DTX4,1.3901,4.2212,2.5948,4.4913
DUSP1,5.3516,5.7753,4.4706,4.4203
DUSP10,3.0163,0.3573,1.5064,1.642
DUSP16,3.728,3.8769,3.2796,3.1733
DUSP2,3.1112,3.2692,1.4388,2.1702
DUSP3,3.8054,2.9802,4.8983,3.4583
DUSP4,-0.1031,0.3685,-1.1172,-0.8599
DUSP5,3.1179,0.2029,-0.1504,2.0979
DUSP6,4.528,5.9775,4.6849,3.3591
DUSP7,3.0637,2.9637,2.7357,2.2663
DUSP8,1.2333,0.537,0.1519,1.9895
DUSP9,1.5806,2.3135,-1.5105,-2.8262
DVL1,4.8192,5.9336,4.4836,5.0193
DVL2,4.1612,4.7919,3.6657,3.871
DVL3,4.8455,6.1536,5.327,4.6525
E2F4,5.1388,5.1268,4.8084,5.2601
E2F5,3.7867,4.3751,4.0055,3.2944
EBAG9,4.0216,4.7236,4.5374,6.314
ECSIT,4.7735,4.9055,5.0579,4.445
EDA,0.1124,-0.4325,1.1447,-0.8599
EDA2R,-2.3147,-0.5125,-4.035,-2.9324
EDAR,-0.6873,-0.2498,-4.2934,-1.8836
EDARADD,0.8805,2.5313,2.4701,3.0568
EDN1,-0.0425,1.7575,0.5666,2.0638
EDN2,1.0642,1.2756,-0.6873,-0.1031
EDN3,-0.7588,-4.035,-3.6259,-1.4699
EDNRA,0.7407,2.0912,2.3732,-1.4699
EDNRB,1.9452,0.1903,5.1384,0.0158
EEF2,9.297,9.1,8.9514,9.3022
EEF2K,1.6187,2.8321,3.6207,4.1343
EFCAB7,1.1641,1.2455,2.004,1.5216
EFNA1,4.8334,5.2036,4.6742,5.8001
EFNA2,-6.5064,0.2642,-4.6082,-4.2934
EFNA3,1.7828,3.5559,3.2602,2.4675
EFNA4,3.5399,4.9533,4.1376,3.6266
EFNA5,4.7329,2.0979,1.7141,2.5948
EGF,-6.5064,-2.6349,-1.4699,-3.3076
EGFR,0.537,1.3901,-0.2498,2.2299
EGLN1,3.4437,3.1829,3.866,5.0113
EGLN2,5.0068,5.0313,4.0901,4.7453
EGLN3,2.7401,2.3077,3.6136,4.445
EGR1,5.1077,5.3965,5.1165,5.0635
EGR2,0.7999,1.6785,0.8246,1.5806
EGR3,-1.2142,0.517,-0.6193,-0.6416
EHHADH,2.0218,2.2603,2.2663,1.0983
EI24,5.0023,5.9206,5.554,6.7608
EIF4B,6.1635,7.4463,6.2795,6.9841
EIF4E,5.0032,5.0304,5.6355,5.3399
EIF4E1B,-3.0469,-3.3076,0.2998,-2.3884
EIF4E2,6.6986,5.5823,6.2875,6.2582
EIF4EBP1,6.9176,5.9851,4.0445,5.6871
ELAVL1,5.4486,4.809,5.4604,4.7887
ELF5,-4.035,-3.458,-5.0116,-3.6259
ELK1,5.0841,6.0248,5.3688,5.0405
ELK4,2.5388,2.3019,2.0111,1.8918
ELMO1,3.6417,3.4726,2.4985,1.9968
ELOB,0.0,0.0,0.0,0.0
ELOC,0.0,0.0,0.0,0.0
ENAH,5.5308,4.8258,5.114,5.0166
ENO1,9.8438,9.3559,10.1685,9.5662
ENO2,3.9663,4.9199,3.7783,4.5976
ENO3,2.3732,3.8857,1.0503,2.3106
ENO4,-2.3147,-1.4305,-0.9406,-1.7809
EP300,2.5112,3.2988,3.705,2.7465
EPHA2,3.5411,3.5349,1.9527,4.2914
EPO,-5.5735,-3.1714,-4.2934,-3.816
EPOR,1.8918,1.9188,2.3251,3.3759
ERBB2,5.3122,5.5069,6.2599,5.0597
ERBB3,3.8289,5.0457,5.24,3.8973
ERBB4,0.346,0.0718,0.058,1.4494
ERBIN,0.0,0.0,0.0,0.0
EREG,-1.8836,-4.2934,-3.3076,-4.6082
ESR1,4.3234,4.4654,6.3544,5.703
ESR2,-3.6259,-2.5479,-1.9942,-3.1714
ESRRB,-0.0277,-3.3076,-0.1031,-4.6082
ETS1,2.1247,2.4753,1.816,1.2147
ETS2,3.1523,3.1813,4.235,3.6827
EVC,0.3115,1.9749,1.5854,1.7532
EVC2,1.0151,0.8408,0.3907,0.5859
EVL,4.5886,5.6029,5.0717,3.9031
EXOC2,3.1011,2.167,3.4765,2.945
EXOC7,5.1926,5.5383,6.3667,5.5383
F2,-6.5064,-9.9658,-9.9658,-9.9658
F2R,2.8701,3.9561,3.7028,0.03
F2RL3,-1.7809,0.03,2.0946,-0.6873
F3,0.7832,2.1378,0.7579,3.8401
FABP1,-3.1714,-2.3147,-2.6349,-6.5064
FABP3,5.3223,3.1733,5.166,3.4569
FABP4,-6.5064,4.6594,-1.3183,-4.6082
FADD,3.5657,3.7345,3.309,4.1351
FADS2,6.3189,6.037,6.935,5.2032
FARP2,1.8683,2.9966,3.4945,3.2929
FAS,1.4962,2.7465,2.081,2.1509
FASLG,-1.5951,-3.1714,-1.8836,-3.458
FASN,6.7159,5.6582,6.64,5.8291
FAT4,-3.458,-0.7108,-1.7322,-2.6349
FBP1,3.2632,2.8974,1.9675,4.284
FBP2,-9.9658,-2.4659,-4.035,-5.5735
FBXO25,3.0446,2.7931,0.3907,3.5839
FBXO32,6.2342,4.533,6.2968,6.763
FBXW11,2.7051,3.6184,4.0765,2.4571
FCER1A,-3.458,0.5859,-1.8314,0.7579
FCER1G,7.5901,5.9308,7.0635,6.6602
FCGR2B,4.6282,2.7314,3.1079,3.074
FFAR2,-3.6259,-5.0116,-5.0116,-3.816
FGF1,0.4761,2.1476,-2.5479,-2.6349
FGF10,-9.9658,-1.9942,-5.5735,-9.9658
FGF16,-3.6259,-6.5064,-5.0116,-9.9658
FGF17,-2.114,1.0433,-4.6082,-3.816
FGF18,0.2277,2.9562,3.7006,3.83
FGF19,-2.9324,2.5363,-4.035,-2.2447
FGF2,-1.5522,-1.7322,-3.816,-2.7274
FGF20,-9.9658,1.2516,-2.7274,-3.816
FGF21,0.9493,-5.0116,-9.9658,-3.6259
FGF22,-4.6082,-4.6082,-5.5735,-3.816
FGF23,-9.9658,-6.5064,-9.9658,-9.9658
FGF3,-9.9658,4.5423,-0.3752,-4.035
FGF4,-9.9658,-4.6082,-3.6259,-9.9658
FGF5,-6.5064,-9.9658,-9.9658,-9.9658
FGF6,-9.9658,-9.9658,-9.9658,-9.9658
FGF7,-0.6873,1.0711,-2.114,-3.458
FGF8,-1.7809,-0.7588,-9.9658,-1.685
FGF9,1.6281,0.2998,-3.1714,0.8488
FGFR1,3.6905,7.6006,3.928,4.5299
FGFR2,4.1053,3.5559,3.6623,4.2943
FGFR3,-1.3548,0.8082,-2.9324,3.0808
FGFR4,2.1378,0.1519,1.0915,0.7058
FGR,1.2209,0.8327,1.1833,1.0363
FHL1,2.7249,5.1664,3.8451,1.2815
FLCN,3.1765,4.2142,4.4595,3.5299
FLNA,7.0568,8.2083,6.9478,6.7369
FLNB,5.0484,5.1543,4.5479,6.4529
FLNC,1.1117,1.8282,-1.7322,-2.6349
FLOT1,8.0199,7.4565,7.2176,8.0774
FLOT2,5.4631,4.9393,6.363,5.4722
FLT1,1.3397,0.4657,1.9034,0.9419
FLT3,-4.035,-3.0469,-4.6082,-5.5735
FLT3LG,3.5362,2.0946,1.9073,1.8036
FLT4,0.3115,0.4657,4.2624,-0.4719
FMOD,5.8123,5.7388,2.7117,2.874
FN1,7.0017,9.5376,6.0798,5.6291
FNIP1,2.3898,1.3511,2.043,2.0076
FNIP2,1.3225,0.688,1.3225,-0.2845
FOS,5.6639,6.273,4.9663,6.5399
FOSB,0.3115,3.9365,0.8568,4.1547
FOSL1,1.5998,-1.0559,-0.9406,0.0718
FOXO1,2.4035,2.0844,1.692,-0.3752
FOXO3,1.9712,3.4556,4.1939,2.4649
FOXO4,2.6918,2.5087,3.5596,3.4424
FOXO6,2.299,3.8551,2.7007,2.0147
FPR1,2.7465,1.0847,1.6964,2.4623
FRAT1,0.0718,0.5955,0.8164,1.5216
FRAT2,4.0287,3.2065,3.8769,3.8269
FRMD1,0.9642,-2.4659,-6.5064,0.4761
FRMD6,0.7233,2.2693,0.7748,1.0642
FRS2,1.7744,3.4129,3.1278,1.5612
FSHB,-9.9658,-9.9658,-9.9658,-9.9658
FSHR,-9.9658,-6.5064,-3.458,-9.9658
FST,2.1313,1.7995,-1.7809,4.9416
FXYD1,5.3424,2.9071,5.1198,0.4233
FXYD2,-0.0425,-1.3183,-0.4131,-2.4659
FYB1,0.0,0.0,0.0,0.0
FYN,4.2488,6.5261,6.9366,4.2593
FZD1,0.2277,2.828,1.3225,1.5366
FZD10,-0.8339,4.0216,3.8269,0.434
FZD2,3.4739,4.2056,3.5287,0.5666
FZD3,1.9188,1.7954,1.5465,1.4859
FZD4,4.2803,3.5187,1.2934,2.3871
FZD5,1.4281,1.4065,2.2633,-0.3383
FZD6,2.6278,4.0287,3.3393,5.082
FZD7,2.8096,3.9974,4.4641,5.0786
FZD8,0.605,1.8484,1.787,0.03
FZD9,-2.4659,-3.1714,-3.0469,-2.1779
G6PC1,0.0,0.0,0.0,0.0
G6PC2,-9.9658,-4.2934,-9.9658,-9.9658
G6PC3,6.1887,6.1268,6.986,5.4835
GAB1,0.8164,1.5465,2.2633,0.7664
GAB2,4.5047,4.4602,7.3645,4.3321
GABARAP,9.4089,9.465,8.8967,9.4343
GABARAPL1,3.5498,3.8461,4.1523,5.3209
GABARAPL2,6.0056,5.8151,6.142,6.6831
GABBR1,1.4859,3.695,2.8955,2.3019
GABBR2,0.6145,-9.9658,-4.2934,-4.035
GADD45A,5.4373,3.6066,2.9032,4.2518
GADD45B,3.0217,4.837,2.6371,4.0705
GADD45G,2.1798,2.2783,1.7141,3.5899
GALT,4.9686,4.2297,4.2142,4.5589
GAPDH,13.4355,12.1574,12.1528,12.9215
GAS1,5.3611,4.7181,4.9313,3.1685
GATA4,-5.5735,-5.5735,0.1257,-3.816
GCG,-9.9658,-9.9658,-9.9658,-9.9658
GCGR,-5.0116,-5.5735,-3.816,-6.5064
GCK,0.1257,1.0079,-2.1779,0.0014
GDF5,-1.1811,-1.8314,-1.2481,-2.2447
GDF6,-3.6259,-1.2142,-5.0116,-4.2934
GDF7,-9.9658,-4.035,-5.5735,-6.5064
GDNF,-0.6873,-2.4659,-1.3548,-6.5064
GFAP,-2.4659,1.2271,-1.0862,-1.2828
GH1,-4.2934,-9.9658,-2.3884,-9.9658
GH2,-9.9658,-9.9658,-9.9658,-9.9658
GHR,-0.8339,0.1257,-1.9942,0.4552
GHRL,-0.6643,-0.6193,-2.0529,-0.3201
GHSR,-3.6259,-9.9658,-9.9658,-9.9658
GIP,-9.9658,-3.816,-5.0116,-9.9658
GIPR,-4.6082,-1.5105,-2.114,-0.5125
GK,1.8444,-0.6193,1.4859,-0.7108
GK2,-9.9658,-9.9658,-9.9658,-9.9658
GLI1,1.8918,0.4447,-1.1811,-4.035
GLI2,0.4016,1.4174,-1.8836,1.3679
GLI3,-0.7108,2.1114,0.7493,0.4657
GLP1R,-3.1714,-5.0116,-5.0116,-5.0116
GNA11,3.4945,3.616,4.0584,3.4277
GNA12,3.2267,3.8228,3.6136,4.0189
GNA13,4.9561,3.1212,4.4713,2.578
GNA14,-2.5479,-1.2828,-1.9942,-2.2447
GNA15,2.1047,0.058,1.0779,0.8488
GNAI1,1.0222,2.3898,1.7995,3.1749
GNAI2,8.2805,7.7942,8.0016,7.1153
GNAI3,2.2783,1.4228,2.0218,1.9149
GNAL,-4.035,-0.3201,-1.2481,-1.1488
GNAO1,0.1124,2.5313,-1.8314,-0.7588
GNAQ,2.3106,3.1637,3.2811,3.7877
GNAS,9.856,9.937,9.5371,9.1223
GNB1,7.9628,6.948,7.3636,6.6651
GNB2,8.0667,7.2989,7.8132,8.6173
GNB3,-0.4521,2.2603,-1.2828,-1.0262
GNB4,1.5758,1.125,2.7357,0.688
GNB5,4.3046,3.644,2.4779,3.0893
GNG10,4.7629,5.4611,4.7709,5.1672
GNG11,1.9931,1.9931,1.7097,1.7489
GNG12,4.245,3.6972,4.6224,5.1169
GNG13,-6.5064,-0.0725,-3.6259,0.0158
GNG2,1.4441,1.5366,1.2271,1.0007
GNG3,-2.1779,-0.8084,-2.7274,-1.4305
GNG4,1.4441,-0.3022,-0.6416,0.9935
GNG5,8.9208,6.6356,7.312,7.8509
GNG7,2.1476,0.3346,-0.9686,-0.0425
GNG8,-0.4921,-0.6416,-9.9658,-9.9658
GNGT1,-2.3884,-0.2498,-0.0725,-2.0529
GNGT2,1.6234,-0.4521,0.7832,-0.4131
GNRH1,-1.8314,-0.394,-4.035,-0.6643
GNRH2,-2.6349,-1.8314,-2.5479,-5.0116
GNRHR,-6.5064,-6.5064,-6.5064,-4.035
GPC4,3.7486,3.7083,0.8647,3.186
GPER1,-1.3183,0.0718,-0.2498,1.6512
GPR119,-9.9658,-9.9658,-9.9658,-9.9658
GPR161,1.1641,2.5585,3.4048,2.7805
GPRC6A,-9.9658,-5.0116,-9.9658,-9.9658
GRAP2,-1.1488,-1.9379,-1.1811,-3.816
GRB10,3.2737,2.9224,1.8643,2.9013
GRB2,5.9463,4.6306,5.8012,4.7307
GREM1,0.5666,1.5514,-4.6082,-2.2447
GREM2,-6.5064,-2.3884,-6.5064,-5.0116
GRIA1,-4.6082,-9.9658,-5.0116,-9.9658
GRIA2,0.5069,-1.5951,-6.5064,-4.2934
GRIA3,-3.458,-6.5064,-4.035,-3.458
GRIA4,-3.3076,-4.6082,-6.5064,-6.5064
GRIN1,-3.0469,-4.035,-5.5735,-0.1504
GRIN2A,3.6646,0.8568,3.6532,-0.9686
GRIN2B,-9.9658,-5.0116,-6.5064,-6.5064
GRIN2C,-3.1714,-2.2447,-2.4659,-4.035
GRIN2D,-1.7322,-0.4921,-0.8084,-1.2828
GRIN3A,-4.6082,-5.5735,-4.6082,-6.5064
GRIN3B,-4.2934,-3.816,-4.6082,-0.5332
GRK1,-3.6259,-5.5735,-4.6082,-2.7274
GRK2,0.0,0.0,0.0,0.0
GRK3,0.0,0.0,0.0,0.0
GRK4,1.0711,1.5366,1.4228,1.5465
GRK5,0.6969,0.2762,0.2998,-0.6193
GRK6,5.1839,4.2103,4.026,3.3717
GRK7,-6.5064,-5.5735,-4.035,-6.5064
GRM1,-6.5064,-6.5064,-2.7274,-5.0116
GRM2,0.1124,-1.8314,-2.6349,-1.685
GRM3,-9.9658,-5.5735,-6.5064,-9.9658
GRM4,-2.7274,-2.5479,-0.6873,-2.0529
GRM5,-5.5735,-9.9658,-6.5064,-9.9658
GRM6,-6.5064,-0.6873,-2.6349,-5.0116
GRM7,-4.2934,-1.2828,-2.1779,-2.7274
GRM8,-3.458,-1.1811,-3.1714,-3.3076
GRPR,-2.9324,-6.5064,-2.0529,-3.458
GSDMD,5.0009,4.9814,3.8886,6.4441
GSK3A,5.8965,5.5233,5.6725,5.6719
GSK3B,5.0597,4.0773,3.8896,3.0671
GTF2I,5.9284,6.3116,6.7636,6.0378
GTF2IRD1,3.9459,3.6759,4.4463,3.7794
GTSE1,3.0481,2.0638,2.6255,1.1512
GYS1,4.905,4.3527,4.2457,5.1359
GYS2,-5.5735,-4.2934,-6.5064,-9.9658
HAMP,1.5563,0.8488,1.3511,2.7073
HBEGF,1.4228,0.9493,2.0076,1.8323
HCAR1,-0.9132,0.0718,2.9356,-0.9971
HCAR2,-3.458,-2.0529,0.24,-3.0469
HCAR3,-4.6082,-4.035,-0.2159,-2.5479
HCK,4.0127,1.8363,2.7183,1.8242
HDAC1,6.3616,5.5829,5.797,6.763
HDAC2,5.5832,6.2296,6.0834,5.0471
HDAC3,5.4128,4.2526,4.7415,5.2461
HDAC4,0.9191,2.1444,2.233,2.7931
HDAC5,4.1153,4.1506,4.3075,3.1112
HES1,4.3695,4.839,4.4842,2.7139
HES5,-3.3076,-5.0116,-4.6082,-9.9658
HEY1,-0.2498,1.934,0.2277,1.2756
HEY2,4.3992,4.1539,4.0558,4.5608
HEYL,1.5806,1.4911,1.0847,-0.0277
HGF,-0.5973,-0.5543,-0.9132,-1.5522
HHAT,-0.8339,-0.4921,2.0979,1.4756
HHATL,-3.6259,-4.035,-3.3076,-9.9658
HHIP,-1.8836,-2.2447,-4.2934,-4.2934
HIF1A,6.0179,4.7274,5.778,6.1983
HK1,4.7253,4.3917,4.248,5.2423
HK2,3.1145,2.3564,3.2662,3.4843
HK3,0.7748,-0.9971,0.1124,0.1903
HKDC1,-0.5125,-0.3566,4.0765,1.6045
HMGCR,2.4857,2.7805,4.2212,2.4727
HMGCS1,4.4176,3.8208,4.841,3.0056
HMGCS2,-1.2828,0.9642,-1.3921,-1.9942
HMOX1,5.445,3.1908,4.3569,3.7028
HNF4A,-6.5064,-9.9658,-4.6082,-9.9658
HOMER1,0.4447,0.6699,1.4281,-0.0877
HOMER2,4.4257,4.866,4.5324,4.3917
HOMER3,5.5314,4.2274,2.9356,5.3951
HRAS,4.7312,4.3249,4.936,5.0068
HRC,-2.8262,-2.9324,-3.816,-4.2934
HRH1,0.5859,0.547,1.9377,1.5316
HRH2,-0.3201,-0.7108,-0.3201,-2.8262
HSP90AA1,8.7558,8.336,7.54,7.1528
HSP90AB1,8.4285,8.6693,9.2279,8.0782
HSP90B1,7.1277,8.6467,7.6763,7.2249
HSPA1A,7.1833,5.4864,7.853,6.5685
HSPA1B,7.361,6.1857,7.1035,6.4411
HSPA1L,-0.1993,-0.5756,1.3735,0.3231
HSPA2,3.0688,1.2815,3.034,1.4335
HSPA6,0.3907,1.1184,0.5763,0.5069
HSPA8,9.502,9.2426,9.2342,9.4042
HSPB1,11.3082,10.0255,10.6836,9.9341
HTR1A,-9.9658,-9.9658,-9.9658,-9.9658
HTR1B,-3.3076,-9.9658,-5.0116,-5.5735
HTR1D,-4.6082,-4.035,-0.5543,-3.816
HTR1E,-2.6349,-9.9658,-6.5064,-6.5064
HTR1F,-5.0116,-3.1714,-1.2828,-1.3921
HTR2A,-9.9658,-2.6349,-5.5735,-9.9658
HTR2B,-1.0862,-0.8863,0.0158,-3.816
HTR2C,-9.9658,-0.8599,-3.816,-9.9658
HTR4,-9.9658,-6.5064,-9.9658,-9.9658
HTR5A,-9.9658,-9.9658,-9.9658,-9.9658
HTR6,-2.9324,-4.2934,-6.5064,-4.6082
HTR7,-3.1714,-2.9324,-4.6082,-3.1714
IBSP,0.7664,-1.8314,-0.9406,-1.0262
ICAM1,3.5645,4.8192,6.1173,5.24
ICOS,-0.5125,-1.9942,-1.8314,-4.2934
ID1,6.7564,4.01,2.909,3.3952
ID2,5.7637,5.3078,4.3104,4.4081
ID3,6.2845,5.4377,4.3313,2.9747
ID4,5.9789,6.869,7.2736,5.5838
IFI16,4.889,5.2932,6.7987,5.206
IFIH1,3.6759,2.2842,4.0162,2.7572
IFNA1,-9.9658,-5.0116,-9.9658,-9.9658
IFNA10,-9.9658,-9.9658,-9.9658,-9.9658
IFNA13,-9.9658,-9.9658,-9.9658,-9.9658
IFNA14,-9.9658,-9.9658,-9.9658,-9.9658
IFNA16,-9.9658,-9.9658,-9.9658,-9.9658
IFNA17,-9.9658,-9.9658,-9.9658,-9.9658
IFNA2,-9.9658,-9.9658,-9.9658,-9.9658
IFNA21,-9.9658,-5.5735,-9.9658,-9.9658
IFNA4,-9.9658,-9.9658,-9.9658,-9.9658
IFNA5,-9.9658,-9.9658,-9.9658,-9.9658
IFNA6,-9.9658,-9.9658,-9.9658,-9.9658
IFNA7,-9.9658,-9.9658,-9.9658,-9.9658
IFNA8,-9.9658,-9.9658,-9.9658,-9.9658
IFNAR1,4.3342,4.2196,4.2009,3.832
IFNAR2,4.2736,5.1989,3.6793,4.0471
IFNB1,-0.9132,-9.9658,-3.816,-5.0116
IFNE,-9.9658,-4.035,-6.5064,-2.3884
IFNG,-4.2934,-3.1714,-5.0116,-9.9658
IFNGR1,5.9964,5.2972,5.0661,6.377
IFNGR2,6.12,5.9028,6.0191,5.5339
IFNK,-9.9658,-9.9658,-9.9658,-9.9658
IFNL1,0.1776,-3.6259,-2.9324,-4.035
IFNL2,-1.8836,-9.9658,-9.9658,-5.0116
IFNL3,-1.8836,-9.9658,-5.0116,-3.816
IFNLR1,1.2085,2.1013,1.9968,1.6045
IFNW1,-5.5735,-9.9658,-6.5064,-9.9658
IGF1,4.3009,4.986,1.816,-1.4305
IGF1R,1.0293,3.4088,0.7233,1.0779
IGF2,7.2118,2.561,0.6699,7.0026
IGFBP3,6.7814,6.3162,5.9593,5.9289
IHH,-6.5064,-9.9658,-3.3076,-6.5064
IKBKB,3.2481,4.6341,3.1829,4.1343
IKBKE,3.0446,2.0707,2.3871,1.7185
IKBKG,3.1212,3.5387,2.4518,3.1129
IL10,0.7321,0.0854,0.8488,-0.5973
IL10RA,3.074,1.8484,2.0111,1.4011
IL10RB,5.3622,5.9198,5.3779,4.6428
IL11,-0.3022,0.3796,-3.816,-0.0574
IL11RA,4.2706,5.6364,3.1195,1.7828
IL12A,3.1717,-3.6259,-0.3201,1.0573
IL12B,-6.5064,-4.035,-4.6082,-4.2934
IL12RB1,0.9191,-0.4719,0.058,-0.5973
IL12RB2,-0.6873,-3.3076,-1.2142,-1.2481
IL13,-9.9658,-5.5735,-4.2934,-6.5064
IL13RA1,4.1128,4.7581,6.0488,4.6206
IL13RA2,-2.6349,0.9493,1.9452,-3.6259
IL15,1.9452,1.5612,2.0004,2.8661
IL15RA,3.3105,1.614,2.7117,3.0411
IL17A,-9.9658,-9.9658,-9.9658,-9.9658
IL17B,-1.4305,-3.6259,-1.8836,-4.6082
IL17C,-3.6259,-4.035,-4.6082,-1.4305
IL17D,2.4805,1.1382,1.3791,2.4727
IL17F,-9.9658,-4.2934,-9.9658,-9.9658
IL17RA,2.5388,1.8444,1.5366,1.9638
IL17RB,2.5924,1.8323,1.934,2.2082
IL17RC,4.0144,3.8501,4.222,4.1852
IL17RE,2.4649,1.6558,1.5415,3.8769
IL18,3.1955,3.2251,3.1908,3.0995
IL19,-6.5064,-3.458,-4.6082,-4.2934
IL1A,-1.0559,-4.035,-2.8262,-1.8314
IL1B,4.3278,1.0293,1.6281,2.3451
IL1R1,6.3549,5.2608,4.7187,4.6277
IL1RAP,2.2513,4.7645,1.2333,2.5876
IL2,-9.9658,-5.5735,-4.2934,-9.9658
IL20,-6.5064,-4.2934,-4.035,-9.9658
IL20RA,1.3679,2.5462,3.3032,1.7009
IL20RB,-0.4325,-1.3548,-1.3548,-1.5522
IL21,-5.5735,-6.5064,-5.5735,-9.9658
IL21R,0.058,-0.4921,-1.8836,-2.9324
IL22,-5.0116,-9.9658,-9.9658,-9.9658
IL22RA1,0.0718,-0.0425,1.4065,0.2642
IL22RA2,-6.5064,-4.6082,-4.6082,-0.9132
IL23A,-0.394,-0.7108,0.1519,-1.8836
IL23R,-5.0116,-5.0116,-9.9658,-6.5064
IL24,-3.458,-2.7274,-2.4659,-1.2142
IL25,-9.9658,-9.9658,-9.9658,-4.6082
IL27RA,2.8897,1.787,4.1136,2.6738
IL2RA,0.3907,-1.0559,-0.4719,-2.3147
IL2RB,1.4859,1.0847,1.4808,0.346
IL2RG,3.3047,2.9562,3.29,1.6466
IL3,-9.9658,-9.9658,-9.9658,-9.9658
IL3RA,-4.65705,-5.1705,-4.8941,-5.01915
IL4,-3.816,-9.9658,-9.9658,-9.9658
IL4R,2.5972,3.1311,3.3435,3.6125
IL5,-9.9658,-5.5735,-5.5735,-3.6259
IL5RA,-3.816,-1.8314,1.1641,-3.816
IL6,-0.3566,0.9115,-1.9379,-2.0529
IL6R,3.8896,2.1047,3.0568,0.7916
IL6ST,2.5036,2.409,3.4609,2.9052
IL7,-1.7322,-1.7809,-1.5105,-2.8262
IL7R,0.3115,0.434,-0.1504,-1.9379
IL9,-9.9658,-9.9658,-9.9658,-9.9658
IL9R,-6.3466,-5.4672,-6.00935,-6.8909
ILK,6.9061,6.3648,6.0503,5.1202
INHBA,0.5955,3.5461,-1.5522,-2.6349
INHBB,2.791,1.7786,-1.2481,4.0705
INHBC,-3.458,-3.3076,-2.8262,-2.4659
INHBE,0.9568,-2.8262,-4.035,-4.2934
INPP5D,1.8918,1.5806,2.4386,2.9655
INPPL1,4.8053,6.3418,6.6927,6.7493
INS,-9.9658,-9.9658,-9.9658,-9.9658
INSL3,-0.0277,-1.7322,0.5568,0.7146
INSL5,-9.9658,-5.0116,-5.0116,-2.8262
INSR,1.8524,2.2513,2.4518,2.0254
INVS,1.8801,2.0289,1.7617,1.2875
IQCE,1.6187,2.2421,2.8422,3.3379
IRAG1,0.0,0.0,0.0,0.0
IRAK1,6.0108,4.4874,4.1515,6.0208
IRAK2,1.196,-0.6193,0.7493,-1.5105
IRAK3,-2.0529,0.1124,-0.6643,-2.2447
IRAK4,1.2023,2.6232,1.934,0.9493
IRF1,5.7632,3.9829,5.5005,4.5249
IRF3,6.2036,5.1623,5.0251,6.267
IRF5,3.5766,1.816,2.5036,2.7508
IRF7,3.7582,4.0383,2.0569,4.7399
IRF9,6.6072,6.2112,7.1814,5.9076
IRS1,0.5568,3.1179,1.5563,1.2815
IRS2,1.8404,1.2636,1.1577,0.7916
IRS4,-5.0116,-5.5735,-5.5735,-6.5064
ISG15,9.7381,6.7839,9.0601,7.5101
ITCH,3.5387,3.1572,3.242,2.7095
ITGA1,0.8408,1.8524,1.4441,1.0573
ITGA10,-3.1714,-0.0574,-1.8836,-3.1714
ITGA11,0.1648,3.2632,-0.1504,-0.3566
ITGA2,-1.4305,0.03,-0.0877,0.5069
ITGA2B,0.8726,1.8918,0.1648,1.692
ITGA3,4.8069,6.4451,5.5684,5.6792
ITGA4,1.2875,0.3907,0.9716,0.434
ITGA5,3.9251,3.7193,3.5486,2.561
ITGA6,3.9346,2.8582,4.2427,3.5572
ITGA7,2.6348,4.2818,2.0111,1.2992
ITGA8,-1.7809,-0.4521,-1.7322,-3.6259
ITGA9,-0.1187,3.9819,-0.3566,-0.4131
ITGAL,1.46,1.9822,1.8762,0.7058
ITGAM,1.8242,1.3679,1.5064,1.3051
ITGAV,4.7291,4.7682,3.4984,4.322
ITGB1,6.8013,6.7293,5.8888,6.2286
ITGB2,5.3681,3.6018,4.5293,5.0436
ITGB3,1.7185,-1.0262,-0.8863,0.2522
ITGB4,4.7571,4.8269,6.5389,6.8442
ITGB5,5.7557,6.5535,7.695,5.795
ITGB6,0.2154,1.7575,0.4865,1.5902
ITGB7,1.1833,1.0293,1.0573,1.7009
ITGB8,2.4171,2.8137,2.5061,6.0909
ITK,-1.4699,-0.1345,-1.4305,-3.458
ITPR1,1.105,0.7146,1.9712,1.4388
ITPR2,0.9493,2.6828,1.0915,2.1894
ITPR3,2.8916,3.5994,2.3871,4.4067
JAG1,4.4357,3.2127,2.1345,1.787
JAG2,2.0979,2.3536,1.5366,2.8602
JAK1,4.3068,3.8391,4.3667,4.0679
JAK2,0.3115,0.7493,0.6699,0.24
JAK3,0.6517,1.196,0.9191,2.2872
JMJD7-PLA2G4B,-2.1779,1.934,0.5271,1.7185
JUN,5.6809,5.7536,5.4473,5.7493
JUND,7.9363,7.1421,7.8494,6.3548
KAT2A,4.8253,4.7635,3.9261,4.6708
KAT2B,2.4727,1.4011,1.7446,2.0946
KCNJ12,-3.458,-1.7322,2.1476,0.346
KCNJ14,-1.1172,-0.6873,-1.8314,-0.2159
KCNJ18,-9.9658,-9.9658,-6.5064,-9.9658
KCNJ2,-0.6643,-2.6349,-1.1172,0.3907
KCNJ3,-6.5064,-9.9658,-9.9658,-9.9658
KCNJ4,-9.9658,-2.9324,-4.6082,0.9493
KCNJ5,-0.9686,0.9862,0.0718,2.1734
KCNJ6,-9.9658,-9.9658,-9.9658,-9.9658
KCNJ8,2.685,2.4934,1.1117,-0.9971
KCNJ9,-9.9658,-4.6082,-4.035,-3.3076
KCNMA1,4.7919,4.6916,0.4657,1.0222
KCNMB1,-0.5973,-1.2142,-1.6394,-1.685
KCNMB2,0.1388,1.2455,1.3901,-3.3076
KCNMB3,-0.7346,1.0222,-1.1488,-0.9971
KCNMB4,-1.3183,1.9601,-0.1187,-2.3147
KCNU1,-9.9658,-6.5064,-9.9658,-6.5064
KDR,0.9343,0.6517,1.6234,1.2209
KIDINS220,1.736,3.4843,4.1458,1.9749
KIF3A,1.0983,0.7407,1.6045,0.7999
KIF7,1.3051,2.2237,0.3907,0.7493
KIT,-2.8262,-1.5105,-3.458,-2.8262
KITLG,0.3907,0.9343,0.1519,-0.7588
KLF2,3.0393,3.8421,3.1765,0.6969
KLF4,0.5763,1.5563,1.7229,0.9493
KNG1,-9.9658,-9.9658,-9.9658,-9.9658
KRAS,3.4075,3.9166,2.8014,2.6828
KRIT1,3.3047,3.7486,3.2707,4.0109
KRT10,4.7345,3.8157,3.8411,3.8521
KRT12,-6.5064,-1.7809,-4.6082,-9.9658
KRT13,0.8647,-4.2934,-1.8314,0.3907
KRT14,0.9935,5.0584,-0.0877,2.8502
KRT15,2.1114,2.0289,1.5165,3.38
KRT16,5.1946,0.3231,-1.2142,0.9115
KRT17,6.0184,5.8992,1.9895,3.074
KRT18,8.2555,8.7799,8.3097,8.5987
KRT19,9.4276,7.1017,7.8357,9.9839
KRT20,-2.8262,-6.5064,-6.5064,-9.9658
KRT23,3.5486,3.7496,3.8105,2.9205
KRT24,-6.5064,-9.9658,-9.9658,-9.9658
KRT25,-9.9658,-9.9658,-9.9658,-9.9658
KRT26,-9.9658,-9.9658,-9.9658,-9.9658
KRT27,-9.9658,-9.9658,-9.9658,-9.9658
KRT28,-9.9658,-9.9658,-9.9658,-9.9658
KRT31,-5.0116,-5.0116,-3.1714,-4.035
KRT32,-9.9658,-9.9658,-6.5064,-9.9658
KRT33A,-4.6082,-9.9658,-9.9658,-4.2934
KRT33B,-9.9658,-9.9658,-9.9658,-9.9658
KRT34,-6.5064,-6.5064,-5.0116,-6.5064
KRT35,-9.9658,-9.9658,-9.9658,-9.9658
KRT36,-5.5735,-6.5064,-4.035,-5.0116
KRT37,-9.9658,-9.9658,-9.9658,-9.9658
KRT38,-2.3884,-9.9658,-9.9658,-6.5064
KRT39,-9.9658,-3.0469,-6.5064,-5.0116
KRT40,-9.9658,-9.9658,-6.5064,-9.9658
KRT9,-0.2328,-5.5735,-4.6082,-9.9658
KSR1,1.6558,2.8014,2.409,2.2391
KSR2,-3.3076,0.044,-1.3183,-0.9406
LAMA1,-1.7809,1.8363,0.0718,-2.7274
LAMA2,1.3167,0.4967,0.9115,-0.1504
LAMA3,0.3115,-0.0277,3.6359,4.9723
LAMA4,2.4332,2.9281,2.4063,1.816
LAMA5,4.7274,8.4741,6.2259,7.2971
LAMB1,3.2251,4.7453,2.6441,2.4063
LAMB2,7.2933,7.2151,6.9,7.0815
LAMB3,3.2158,2.9413,4.0162,2.5011
LAMB4,-3.816,-5.5735,-5.0116,-4.6082
LAMC1,4.7861,5.0005,5.5138,5.5094
LAMC2,1.7273,3.5411,3.9892,5.2173
LAMC3,1.595,-1.5105,3.83,-0.8084
LAMTOR1,7.0513,6.8393,6.784,7.1509
LAMTOR2,6.7258,5.4084,5.6744,6.2891
LAMTOR3,4.8924,5.3284,5.076,5.3313
LAMTOR4,7.7771,7.0867,7.2002,8.3875
LAMTOR5,8.5472,6.7064,7.2756,8.0858
LAT,1.4228,3.1733,2.0946,2.7139
LATS1,1.196,1.8879,1.9452,1.7141
LATS2,0.9789,1.7403,0.8488,0.7233
LCK,1.6695,1.0642,0.605,-1.1488
LCN2,6.2583,5.5407,7.3358,6.8049
LCP2,3.3911,2.5634,3.0376,2.409
LDHA,9.8372,8.6173,9.536,8.9871
LDHAL6A,-9.9658,-5.5735,-6.5064,-5.0116
LDHAL6B,-6.5064,-3.6259,-6.5064,-5.0116
LDHB,9.2897,8.3524,7.3964,7.6342
LDHC,1.1512,-4.2934,-1.1172,-0.2159
LEF1,3.6737,6.2847,6.1127,3.5098
LEFTY1,2.9281,-2.0529,-1.2828,-0.5332
LEFTY2,0.5859,1.0293,-0.5332,-9.9658
LEP,-9.9658,-1.5951,-5.0116,-6.5064
LEPR,-0.3201,0.03,0.099,1.6649
LFNG,2.1213,3.2189,2.4492,2.2391
LGR4,4.0198,3.9765,4.533,3.5237
LGR5,0.4552,-1.0262,-0.7588,-1.1811
LGR6,3.9337,5.2223,1.9527,4.9607
LHB,-3.0469,-2.5479,-1.685,-1.1811
LHCGR,-5.5735,-6.5064,-6.5064,-5.0116
LIF,-0.1187,0.8082,-1.4699,1.2209
LIFR,2.5313,1.5998,0.9935,1.9527
LILRA1,-0.6193,-1.5951,-1.7809,-0.8339
LILRA2,1.642,0.058,0.7233,1.3167
LILRA3,0.0,0.0,0.0,0.0
LILRA4,-1.5522,-0.6416,-1.9942,-4.2934
LILRA5,0.7233,-0.8339,-0.4921,-1.7809
LILRA6,0.3231,-0.1504,1.5806,0.3796
LILRB1,2.1247,1.0222,1.4859,1.0503
LILRB2,1.6558,0.4016,1.2147,0.3796
LILRB3,1.2209,0.8164,1.3225,0.1903
LILRB4,4.435,2.4727,3.2359,2.5828
LILRB5,-0.3566,-1.5951,1.1117,-2.4659
LIMD1,1.4911,2.3564,1.4281,1.5612
LIPE,2.8055,3.4304,1.3397,2.2206
LLGL1,3.0287,4.5626,3.8915,3.3563
LLGL2,5.374,4.8871,4.9103,4.9407
LPAR1,0.346,1.7912,3.3047,0.8327
LPAR2,4.9969,4.3046,3.8289,4.5922
LPAR3,5.5463,3.4713,3.6101,1.3846
LPAR4,-2.1779,-1.9942,-3.458,-2.3147
LPAR5,2.2452,1.2394,1.7828,1.7575
LPAR6,3.4264,2.3423,2.3479,2.7292
LPIN1,1.7995,2.7951,2.9013,1.9034
LPIN2,1.9601,3.0808,3.9213,3.0498
LPIN3,1.884,3.3675,2.4934,4.0713
LPL,2.296,1.3454,0.03,-0.1504
LRP2,2.3788,1.9415,-4.6082,3.1442
LRP5,2.6556,4.853,2.9128,4.836
LRP6,3.4411,3.2496,1.9859,2.1411
LSP1,4.8131,4.4713,4.6554,4.656
LTA,-0.3566,-1.5105,-1.0559,-3.3076
LTB,6.0976,2.1509,1.5216,-0.0574
LTB4R2,-0.5756,0.9642,0.058,0.044
LTBP1,1.7954,4.1343,1.9601,6.0433
LTBR,6.4138,6.5546,5.9279,7.1083
LY96,3.8269,2.6579,2.6019,2.2513
LYN,3.2049,2.7931,3.154,3.0411
MAGED1,6.8798,6.7781,6.7624,6.5118
MAGI1,2.9784,4.3421,3.0463,4.2766
MAGI2,-0.3752,-0.2671,-0.7108,0.0854
MAGI3,1.46,1.0573,1.4228,1.7185
MALT1,1.2023,1.8762,3.0481,2.6067
MAML1,3.7094,3.7593,4.6548,2.4465
MAML2,1.1897,3.2267,1.4281,2.6738
MAML3,-0.3752,2.3704,2.8994,1.8119
MAP2K1,4.5349,3.9654,3.3421,5.3107
MAP2K2,6.8808,6.1334,6.3427,7.0803
MAP2K3,3.9185,4.2518,4.5826,4.2661
MAP2K4,2.0465,3.2826,2.9032,3.2481
MAP2K5,2.7227,3.2526,2.7139,3.6737
MAP2K6,2.3843,2.1444,1.4335,1.2394
MAP2K7,3.3032,3.9185,3.7182,3.3047
MAP3K1,2.1734,2.0673,2.167,2.7314
MAP3K11,5.3374,5.0764,5.4266,5.0571
MAP3K12,3.2343,4.7192,3.2466,4.2064
MAP3K13,5.3747,6.2413,5.4148,4.5318
MAP3K14,2.3423,2.2633,2.7721,1.7316
MAP3K2,2.9747,2.5188,2.4934,2.5487
MAP3K20,0.0,0.0,0.0,0.0
MAP3K3,3.837,3.5424,4.298,2.8681
MAP3K4,1.3901,2.4225,2.8301,2.8199
MAP3K5,1.2934,1.6695,0.2154,1.196
MAP3K6,2.6647,2.824,3.1311,4.1595
MAP3K7,2.3732,3.3521,3.2572,2.0979
MAP3K8,2.2019,2.59,2.3592,1.6187
MAP4K1,4.0055,3.1829,1.7141,2.1957
MAP4K2,4.9227,2.8219,3.0002,3.1653
MAP4K3,2.4753,3.6759,3.5994,3.2885
MAP4K4,3.2617,4.6628,3.5362,3.5827
MAPK1,5.8645,4.096,4.1628,4.0207
MAPK10,0.2029,1.3956,0.044,2.1957
MAPK11,-0.4325,1.0503,-0.9686,-0.9132
MAPK12,-0.2328,1.0573,-0.9132,-0.6193
MAPK13,4.4033,4.511,2.9052,4.3242
MAPK14,3.9089,4.3177,4.1604,4.0523
MAPK15,0.8647,5.5901,4.2404,5.8205
MAPK3,6.0902,6.2407,6.6886,6.9292
MAPK4,-9.9658,-1.1811,-4.035,-4.6082
MAPK6,3.3535,3.0092,3.2034,2.2753
MAPK7,2.4649,3.5337,3.5754,2.1147
MAPK8,4.4223,4.1153,3.9478,3.7773
MAPK8IP1,4.6821,4.1587,3.6382,2.6579
MAPK8IP2,1.7185,-2.0529,-0.5332,0.6517
MAPK8IP3,1.3679,5.7774,3.1028,3.3966
MAPK9,4.073,2.945,3.1717,2.7073
MAPKAP1,5.432,5.1563,5.2608,5.6026
MAPKAPK2,4.86,5.505,5.0549,5.4709
MAPKAPK3,4.9787,3.8136,3.9156,4.8059
MAPKAPK5,3.5073,4.3506,4.1555,3.002
MAPT,-0.5756,-0.1828,-2.114,0.346
MATK,-0.2671,-0.1187,-0.6193,2.1702
MAVS,3.3563,3.6669,3.6804,4.2936
MAX,5.6262,5.0777,5.4845,4.4149
MC2R,-5.0116,-9.9658,-9.9658,-6.5064
MCL1,5.4986,6.194,6.0997,5.8931
MDM2,3.3105,3.492,3.7971,2.5213
MDM4,1.7229,2.9032,1.2696,2.3953
ME1,1.2085,-0.1504,1.6604,1.8444
ME3,3.8218,2.0673,1.7229,4.3965
MECOM,4.5034,4.9402,4.9837,1.6649
MED1,3.2034,2.7007,3.8105,2.0147
MED12,4.3385,4.3002,5.067,4.1252
MED12L,0.2881,-1.5522,-1.6394,-3.816
MED13,2.9765,2.1862,2.6208,1.3283
MED13L,1.2576,3.0654,1.2271,1.4228
MED14,3.9992,2.5188,4.1571,3.795
MED16,5.082,4.9203,4.3371,3.8126
MED17,3.6113,4.0977,3.5982,3.5337
MED24,5.1851,4.9256,5.3813,4.2427
MED27,4.6118,4.1756,4.5808,3.637
MED30,4.4777,4.5497,4.9649,5.3982
MED4,4.795,4.2601,4.3119,4.3234
MEF2A,3.2841,3.4856,3.8431,2.7826
MEF2B,1.7489,0.4447,0.1257,-0.9406
MEF2C,1.8801,1.7489,1.5266,1.4494
MEF2D,4.0118,3.9185,3.9412,3.6725
MEFV,-1.8836,-3.6259,-2.9324,-3.458
MEGF8,1.7097,2.8661,1.9859,3.1876
MET,-0.2671,2.7379,1.4441,4.0969
MFN1,4.3611,4.5856,4.2995,3.6066
MFN2,4.3349,4.1027,4.7709,4.9514
MFNG,2.3843,1.6327,1.2209,0.7832
MGRN1,3.6463,6.0025,5.2177,3.8798
MICOS10-NBL1,0.0,0.0,0.0,0.0
MIOS,2.4985,2.3308,2.6348,3.6042
MKNK1,4.3162,4.1883,4.4122,4.6195
MKNK2,5.4774,4.7997,6.1675,5.9589
MLKL,1.2147,0.5955,1.2576,-0.0425
MLST8,5.2717,7.189,5.5201,4.8763
MLYCD,-0.0574,0.0158,0.044,0.24
MMP1,-1.2142,1.0573,-1.8314,-2.3884
MMP13,-3.816,-2.1779,-5.5735,-3.6259
MMP14,5.2281,6.3313,5.4407,4.0162
MMP2,5.0273,7.189,4.7038,4.764
MMP3,-9.9658,-2.6349,-3.0469,-9.9658
MMP7,3.9728,6.5035,6.2231,7.3406
MMP9,4.0662,1.5216,1.6512,0.688
MOB1A,6.3456,5.865,7.1385,5.445
MOB1B,1.5854,1.9452,1.8323,2.4985
MOSMO,0.0,0.0,0.0,0.0
MPL,-4.035,-2.8262,-2.6349,-1.9379
MRAS,3.5387,3.1924,3.8739,3.8157
MS4A2,-6.5064,-2.9324,-4.6082,-4.6082
MST1,2.4934,3.3591,1.3567,5.5173
MST1R,3.4358,0.2762,0.4761,3.0585
MTCP1,3.2988,1.2271,1.9302,3.3563
MTOR,3.7356,3.7464,4.4115,3.8239
MUC5AC,-9.9658,-9.9658,-6.5064,-5.5735
MUC5B,-2.2447,-0.5973,3.3321,4.7882
MYB,3.741,2.8014,3.1813,-1.5522
MYC,5.1027,5.3782,5.8061,6.1561
MYD88,4.5808,4.5104,5.1647,4.2877
MYH6,-3.6259,-2.5479,-5.0116,-9.9658
MYH7,-9.9658,-9.9658,-6.5064,-9.9658
MYL2,-9.9658,-9.9658,-9.9658,-9.9658
MYL3,-2.0529,0.434,-4.2934,-2.9324
MYL4,-1.5105,-3.0469,-2.8262,-2.6349
MYL6,10.8678,10.8614,11.1078,10.2509
MYL6B,6.5627,6.3413,6.4251,5.7156
MYL9,6.7776,9.0069,5.8748,7.1826
MYLK,3.9774,4.764,4.6645,4.041
MYLK2,-1.0559,0.3573,0.4233,-3.6259
MYLK3,-1.685,-3.3076,-2.3147,-1.7322
MYLK4,-3.6259,-2.5479,-2.3147,0.099
NAIP,1.1577,2.5972,2.6067,1.9601
NAMPT,4.9668,3.603,4.2906,5.2567
NANOG,-3.6259,-4.2934,-3.3076,-5.0116
NANOGP8,-9.9658,-2.6349,-3.3076,-9.9658
NBL1,4.3883,6.3925,2.8838,7.639
NCF1,2.8034,1.614,1.7744,1.9601
NCK1,6.5124,4.073,4.4283,5.0824
NCK2,4.5318,6.1563,4.5626,4.4283
NCOA1,1.7828,3.5362,3.2929,2.6114
NCOA2,2.9262,2.9929,5.5937,2.4386
NCOA3,3.0671,3.1781,3.8808,2.3649
NCOR1,2.2723,5.1543,5.6153,4.6212
NCOR2,4.9002,7.4828,6.2263,4.6404
NCSTN,5.5317,6.3384,6.3049,5.4213
NEK7,4.2095,3.8601,3.5523,4.2381
NEO1,4.0867,3.9746,4.9723,3.9232
NF1,1.642,3.1112,3.3321,2.3536
NF2,3.5923,2.5313,3.4384,2.2082
NFATC1,1.6964,2.9637,2.4412,1.7995
NFATC2,-0.3022,1.7141,1.0642,0.3796
NFATC3,2.5828,2.5163,3.1475,2.7007
NFATC4,3.4856,5.5497,3.7171,2.2019
NFKB1,2.8158,2.8522,3.5694,3.8561
NFKB2,5.4983,4.3618,4.1587,4.3364
NFKBIA,6.7744,6.4398,6.2032,6.3586
NFKBIB,5.0166,3.4318,3.1442,3.2143
NFKBIE,3.1426,2.2783,3.2766,1.3109
NGF,-0.4921,0.2522,-1.0559,-0.9132
NGFR,-0.4325,1.7786,-2.3147,-0.394
NKD1,0.099,4.0918,0.1519,0.1388
NKD2,1.2023,4.3758,0.0158,0.4552
NLK,2.4492,2.5658,3.0825,2.1862
NLRC4,-0.7588,-1.685,-0.4521,-1.0559
NLRP1,1.3623,4.2072,2.9071,0.1903
NLRP12,-4.2934,-3.6259,-4.035,-2.5479
NLRP3,-0.4921,-0.9971,-0.8339,-0.3022
NLRP6,-9.9658,-3.6259,-1.4699,-1.7809
NLRP7,0.4865,0.8568,-1.9379,5.5043
NLRX1,1.8078,2.1147,1.4065,2.9857
NOD1,1.3735,1.4065,1.1382,1.4756
NOD2,1.1833,-0.8339,-0.9686,-0.4921
NODAL,-4.2934,-3.6259,-3.3076,-2.9324
NOG,-2.9324,-0.9686,-9.9658,-3.6259
NOS1,-2.1779,1.7575,-5.5735,-3.0469
NOS2,-4.6082,-4.035,-3.0469,-6.5064
NOS3,3.483,0.5271,2.5634,3.2034
NOTCH1,1.7009,2.909,1.5216,0.7146
NOTCH2,3.2915,4.2624,4.3992,4.1094
NOTCH3,5.124,5.9248,5.935,2.1247
NOTCH4,1.3846,1.2023,2.2603,1.0363
NOTUM,-2.1779,4.8699,-1.3921,0.1648
NOX1,-5.0116,-3.816,-3.3076,-4.6082
NOX4,2.9205,1.196,-0.1828,-1.1488
NPPA,-9.9658,-2.6349,-1.9379,-9.9658
NPPB,-2.114,-2.8262,-9.9658,-2.7274
NPPC,-2.7274,-1.685,-2.8262,-3.816
NPR1,5.467,4.421,3.6254,6.0993
NPR2,2.0638,3.3773,2.6783,3.2435
NPRL2,5.5865,4.5862,4.3903,4.6759
NPRL3,4.0189,6.2231,5.3363,4.3695
NPY,-0.013,-3.458,-9.9658,5.3024
NPY1R,-2.7274,-1.9942,-2.3147,1.9712
NR1H3,5.322,3.8421,4.2196,3.8719
NR4A1,3.1908,4.6921,2.9205,2.7721
NRAS,5.3629,4.061,4.7383,3.8847
NRF1,2.7205,2.7379,2.3953,2.6114
NRG1,-1.4305,-1.5105,-0.0725,0.2029
NRG2,0.2522,-1.8836,-1.3183,-1.0559
NRG3,-1.7322,1.1184,-3.458,-5.5735
NRG4,-0.6873,-0.0725,1.7532,0.8246
NSMAF,3.091,2.9488,2.5876,3.3883
NTF3,1.9749,2.8402,1.0222,0.688
NTF4,-0.013,1.4808,-2.7274,3.1475
NTRK1,-3.0469,-3.458,-1.3183,-5.0116
NTRK2,0.2998,0.2998,0.5763,-2.1779
NTRK3,-3.3076,2.828,-2.3884,-3.816
NTSR1,-2.9324,-5.0116,-9.9658,-3.816
NUMB,4.7132,4.3653,4.5098,3.6543
NUMBL,4.6815,4.2556,3.9728,4.4337
OLR1,2.4727,1.8323,1.177,2.5561
OPRD1,-5.0116,-5.0116,-4.2934,-4.6082
OPRM1,-9.9658,-9.9658,-9.9658,-9.9658
ORAI1,4.3256,3.7367,4.9232,3.3177
ORAI2,3.0602,3.5073,3.2267,3.2662
ORAI3,3.5959,3.5863,4.7093,4.2412
OSM,1.9149,-0.5125,-0.394,0.6425
OSMR,2.167,3.2251,2.6579,3.1507
OTUD5,5.0242,5.3906,5.5687,4.8851
OXT,-1.9942,-0.9406,-9.9658,-3.1714
OXTR,1.0433,0.4657,-0.1031,1.4859
P2RY1,-1.7322,-2.114,-1.5951,0.058
PAK1,4.6189,4.9151,9.4553,4.49
PAK2,4.6955,4.0251,4.0189,3.9213
PAK3,-3.816,-2.2447,-6.5064,-2.3884
PAK4,5.2858,5.8344,4.9755,4.9887
PAK5,0.0,0.0,0.0,0.0
PAK6,1.0979,1.9676,1.48895,0.9711
PALS1,0.0,0.0,0.0,0.0
PARD3,4.2563,3.9108,4.2017,4.2281
PARD6A,2.8361,1.7702,0.346,1.4065
PARD6B,2.1862,2.2019,1.4962,2.2693
PARD6G,1.4335,1.9638,2.7889,0.8805
PATJ,0.0,0.0,0.0,0.0
PCK1,5.6829,-0.2845,1.787,2.0707
PCK2,5.7052,3.5436,2.8055,3.4907
PDCD1,0.0014,-1.0862,-1.2828,-0.8339
PDE10A,-2.9324,-1.3921,-3.6259,-4.035
PDE1A,3.9709,3.1749,0.9716,0.346
PDE1B,-0.2671,1.2934,0.9493,-1.2828
PDE1C,-2.7274,-2.9324,-3.3076,-0.394
PDE3A,3.4609,0.688,2.2931,-1.1488
PDE3B,-3.3076,-2.114,-3.1714,-3.6259
PDE4A,0.6608,2.0638,1.2085,1.7185
PDE4B,1.6187,0.1903,-0.3022,-0.1504
PDE4C,3.3003,-1.5951,-1.4699,3.0944
PDE4D,0.8408,0.3115,0.7321,0.1124
PDGFA,2.0147,3.6006,1.3225,4.5129
PDGFB,1.642,2.8219,2.5462,2.036
PDGFC,3.7836,4.7442,2.5972,2.3926
PDGFD,-0.3022,2.3308,0.4967,0.8883
PDGFRA,-0.5125,2.9747,0.5859,4.3378
PDGFRB,2.8955,4.0037,2.4306,1.2636
PDHA1,6.6802,5.0144,5.9442,6.0883
PDHA2,-9.9658,-9.9658,-9.9658,-9.9658
PDHB,5.6829,5.6988,5.6608,5.608
PDK1,3.5461,3.1939,3.7898,3.9108
PDPK1,1.5013,4.225,3.3869,2.2144
PERP,6.6417,5.2601,6.7673,7.3969
PF4,-4.2934,-2.9324,-9.9658,-2.9324
PF4V1,-9.9658,-9.9658,-9.9658,-2.1779
PFKFB1,-4.035,-2.9324,-5.5735,-5.5735
PFKFB2,1.4281,1.0711,1.5216,2.3135
PFKFB3,5.0144,4.4324,3.7867,4.3456
PFKFB4,2.0707,2.5876,2.9984,5.3133
PFKL,5.3306,5.9402,6.7491,7.0274
PFKM,4.1474,4.8059,5.5116,2.4198
PFKP,7.0793,5.0545,5.6519,6.7878
PFN1,10.0593,9.6735,8.7591,8.5883
PFN2,7.417,6.458,7.1312,6.8074
PFN3,-9.9658,-2.7274,-4.6082,-3.1714
PFN4,0.3685,-0.7834,-0.9132,-0.1345
PGAM5,5.2021,4.6525,4.6832,3.9337
PGF,3.3134,0.9268,0.0158,-1.2142
PGK1,10.471,7.4663,8.1021,8.9018
PGK2,-9.9658,-9.9658,-5.0116,-4.035
PGR,-4.035,-0.2328,-1.685,-2.6349
PHKA1,0.058,-0.1828,2.7615,1.1382
PHKA2,2.9637,3.0961,3.4197,3.3591
PHKB,3.8788,3.1294,3.2189,4.2906
PHKG1,-1.0559,0.03,-0.5973,-0.394
PHKG2,4.3191,4.861,5.0304,4.9727
PHLPP1,-0.6193,0.2762,1.642,0.6239
PHLPP2,-0.3383,0.044,-0.0877,1.196
PIAS1,4.1327,3.8993,3.3563,4.1119
PIAS2,3.3379,1.9968,4.2442,4.0662
PIAS3,4.3177,5.3737,4.8505,4.2243
PIAS4,3.3925,3.1062,3.6382,3.7888
PIDD1,2.6805,2.8994,1.9749,3.9099
PIK3AP1,2.376,1.3109,2.0979,0.8082
PIK3C3,3.5875,3.5022,4.5497,4.443
PIK3CA,2.1988,2.4386,2.328,0.8961
PIK3CB,4.0584,2.8936,3.1491,3.8177
PIK3CD,1.6327,2.2206,2.8994,2.081
PIK3CG,-0.0877,-1.2142,-0.0877,-0.1828
PIK3R1,1.2516,3.6382,4.5386,3.0181
PIK3R2,-2.6717,-2.1454,-1.9607,-2.4622
PIK3R3,-4.4237,-0.3897999999999997,-2.4064,-2.7258
PIK3R4,4.4926,3.7699,3.9755,4.1094
PIK3R5,0.8408,0.2522,0.605,0.537
PIK3R6,-1.5105,-1.0262,-0.9406,-1.4305
PIM1,2.676,5.332,2.0147,3.0217
PIN1,6.1605,4.9383,5.36,5.1807
PITX2,-9.9658,-3.6259,-6.5064,-5.5735
PKLR,-6.5064,-6.5064,-5.5735,-9.9658
PKM,9.8294,9.0055,9.8586,9.4799
PKN1,7.3337,5.5814,8.1979,5.9194
PKN2,2.8301,3.0074,2.8701,2.9544
PKN3,1.884,1.1447,0.605,1.2455
PLA1A,-1.4305,-0.1504,-1.7322,-3.3076
PLA2G10,2.236,-5.0116,0.1388,-1.2481
PLA2G12A,4.9175,4.3046,4.7613,5.523
PLA2G12B,-9.9658,-4.6082,-9.9658,-5.5735
PLA2G1B,-1.7809,-2.3884,-3.6259,-3.3076
PLA2G2A,-2.3884,4.2495,2.8858,0.8883
PLA2G2C,-3.816,-9.9658,-4.6082,-3.458
PLA2G2D,-0.4921,-2.4659,-2.2447,-6.5064
PLA2G2E,-9.9658,-9.9658,-9.9658,-9.9658
PLA2G2F,-6.5064,-9.9658,-9.9658,-9.9658
PLA2G3,-2.114,-2.3147,-2.3147,-9.9658
PLA2G4A,3.7867,2.7615,3.5657,1.692
PLA2G4B,-0.1665,3.011,-0.6193,1.8564
PLA2G4C,2.4063,0.044,2.2813,-0.3752
PLA2G4D,-6.5064,-4.6082,-4.6082,-4.2934
PLA2G4E,-6.5064,-9.9658,-9.9658,-4.035
PLA2G4F,-3.1714,-6.5064,-0.1504,-1.4699
PLA2G5,-1.7322,0.1257,-0.6416,-4.6082
PLA2G6,1.1316,4.5928,3.5098,3.4304
PLAAT3,0.0,0.0,0.0,0.0
PLAT,6.5206,6.7462,6.0056,3.0859
PLAU,4.5503,4.6854,3.8954,4.0162
PLCB1,0.9343,2.8622,2.0218,1.9377
PLCB2,1.9931,1.8604,1.4281,2.4279
PLCB3,3.833,2.8897,2.1766,3.2205
PLCB4,0.3685,2.0111,1.4335,2.1444
PLCD1,2.8916,3.6509,4.773,1.2394
PLCD3,7.4789,6.3711,8.3663,6.3098
PLCD4,-1.3183,-0.7346,1.1117,-1.685
PLCE1,0.2522,1.1641,-0.7834,2.1734
PLCG1,3.4061,5.2404,4.2758,4.2404
PLCG2,0.6425,1.3167,1.7141,1.674
PLCZ1,-9.9658,-9.9658,-9.9658,-9.9658
PLD1,1.7828,2.2051,0.9115,0.1648
PLD2,2.0183,3.5498,2.2421,3.1669
PLIN1,-1.5951,2.5876,-0.3022,-2.2447
PLIN2,5.1198,4.0645,6.6565,3.4277
PLIN4,-1.6394,2.3048,-0.7834,0.3907
PLIN5,0.0158,-1.6394,-0.7834,0.3573
PLK1,5.0202,4.8753,4.8151,4.01
PLK2,2.0254,4.8699,1.692,5.597
PLK3,3.034,3.7762,2.2603,3.4713
PLK4,1.3901,1.7954,2.05,1.0915
PLN,-0.4719,1.3956,-1.8314,-4.6082
PLTP,6.8253,6.6316,7.3917,5.4209
PMAIP1,2.5011,0.5271,1.3454,-0.1993
POMC,-0.6873,0.4016,-1.6394,-2.6349
PORCN,2.9655,3.2389,3.3911,3.2973
POU5F1,0.7321,0.0158,2.4252,1.7273
POU5F1B,-4.035,-0.7346,1.3791,-3.0469
PPARA,1.9749,1.2455,1.7141,1.7575
PPARD,3.5387,3.7518,4.6029,3.5035
PPARG,0.24,0.6239,-0.4719,0.0158
PPARGC1A,-6.5064,-3.1714,-6.5064,-9.9658
PPBP,-4.035,-9.9658,-9.9658,-3.816
PPIF,5.797,4.3097,5.1534,5.8851
PPM1A,4.3716,3.5461,3.8136,4.1764
PPM1B,2.9109,3.8491,3.9089,3.2929
PPM1D,2.96,1.6281,2.5536,0.5666
PPP1CA,8.2461,6.9087,7.2826,7.4011
PPP1CB,6.6183,6.3408,6.1767,6.8392
PPP1CC,6.0065,6.7624,6.2367,5.1052
PPP1R12A,2.561,4.3653,3.7248,2.2019
PPP1R12B,1.2209,2.0638,1.614,1.105
PPP1R12C,4.5534,4.5098,3.3979,5.2453
PPP1R1B,6.1113,5.3302,3.8935,2.1925
PPP1R3A,-9.9658,-9.9658,-6.5064,-9.9658
PPP1R3B,-0.6416,1.0007,-1.5522,0.8408
PPP1R3C,-0.6873,1.0503,-0.8084,1.9034
PPP1R3D,0.9716,1.2271,1.334,1.3283
PPP1R3E,1.8722,2.0569,2.2573,3.0654
PPP1R3F,3.2034,0.5955,2.3222,2.7205
PPP2CA,7.4862,5.6082,6.7422,7.0469
PPP2CB,4.8269,4.7704,5.505,5.8563
PPP2R1A,7.3847,6.8768,7.321,7.2677
PPP2R1B,1.0983,2.578,2.043,1.8564
PPP2R2A,4.6866,4.2041,3.6393,4.2472
PPP2R2B,3.1717,0.9268,-1.4699,3.838
PPP2R2C,-1.0262,-1.7322,-2.3884,0.4447
PPP2R2D,4.4216,4.3744,4.4006,4.0756
PPP2R3A,1.9638,1.0293,2.7508,2.1213
PPP2R3B,-3.40675,-3.88505,-3.24725,-3.5937
PPP2R3C,3.8461,3.8095,2.9148,4.0136
PPP2R5A,4.2609,4.0705,3.5947,5.2319
PPP2R5B,3.4384,2.3926,3.5111,2.9319
PPP2R5C,6.2044,5.7947,5.0144,4.7645
PPP2R5D,3.8451,6.0179,4.8555,3.5174
PPP2R5E,4.2289,3.0876,3.2929,2.3308
PPP3CA,2.4198,3.4933,3.0927,3.3061
PPP3CB,4.3889,4.3992,4.1764,4.6
PPP3CC,2.4571,1.0007,1.1117,1.1512
PPP3R1,4.8233,4.3869,4.5638,4.2025
PPP3R2,-9.9658,-9.9658,-9.9658,-9.9658
PPP4C,7.4179,7.0177,7.2343,6.8997
PPP4R3A,0.0,0.0,0.0,0.0
PPP4R3B,0.0,0.0,0.0,0.0
PPP4R3C,0.0,0.0,0.0,0.0
PPP5C,6.1867,5.166,4.8861,5.3643
PRDM4,1.8996,3.2856,3.7259,2.0535
PREX1,2.1798,3.1261,2.9948,2.0289
PRICKLE1,0.434,2.5536,1.9786,1.9968
PRICKLE2,-1.9379,1.1512,1.4388,0.679
PRICKLE3,3.9865,4.1002,4.0833,3.0515
PRICKLE4,0.346,3.5791,1.5266,2.0638
PRKAA1,4.5577,3.9261,3.2796,3.4765
PRKAA2,-0.8084,-2.8262,0.9343,1.0151
PRKAB1,3.2766,5.191,5.24,3.3745
PRKAB2,1.1382,3.0038,2.2783,1.6512
PRKACA,5.9498,4.9089,6.9955,5.1148
PRKACB,2.77,2.2513,1.9564,0.2881
PRKACG,-9.9658,-9.9658,-9.9658,-9.9658
PRKAG1,5.1946,5.795,5.5844,4.986
PRKAG2,3.2282,4.0242,2.5828,3.9956
PRKAG3,-6.5064,-1.5105,-4.035,-4.035
PRKAR1A,5.675,5.1863,6.3255,5.096
PRKAR1B,3.9663,3.1955,3.3966,5.7785
PRKAR2A,3.7324,3.6737,4.6966,3.83
PRKAR2B,0.4865,1.7446,1.3283,3.8289
PRKCA,0.7664,1.0711,2.3479,1.3454
PRKCB,-0.4719,-0.5973,-0.8599,1.8564
PRKCD,4.7903,4.8895,4.7651,4.4951
PRKCE,2.3135,0.8726,2.3251,1.4808
PRKCG,-3.6259,1.0151,0.6608,-4.035
PRKCI,4.6645,6.0244,4.6271,4.5988
PRKCQ,2.909,-0.4325,1.7617,1.9786
PRKCZ,4.1506,4.3364,4.5405,4.5028
PRKD1,0.6332,2.3251,0.6145,-2.0529
PRKD2,4.359,4.429,4.17,4.4033
PRKD3,2.3135,3.1112,2.7657,1.8282
PRKG1,-2.2447,-0.0277,-2.8262,0.9191
PRKG2,-5.5735,-1.3921,-1.5522,-4.035
PRL,-6.5064,-5.0116,-9.9658,-5.5735
PRLR,-4.2934,-1.8314,-4.2934,-4.035
PRMT1,8.3001,6.8933,5.9987,7.0374
PRR5,3.0092,2.7572,2.6895,3.3897
PSEN1,4.4706,4.2243,5.2649,3.6782
PSEN2,3.4384,2.5585,3.9421,3.7324
PSENEN,8.2087,7.079,6.4114,7.3937
PSTPIP1,1.4228,1.2023,0.3115,1.5013
PTAFR,2.236,0.5763,1.6558,1.6093
PTCH1,-0.4921,2.2513,0.7748,1.9188
PTCH2,-0.5332,0.8164,0.8164,-0.9406
PTCRA,-2.1779,-5.0116,-3.3076,-3.3076
PTEN,5.5835,4.6393,4.2472,5.1788
PTGER1,-0.1993,0.4865,-0.2498,2.3251
PTGER2,0.517,1.0915,-0.1345,2.9747
PTGER3,-2.0529,2.6418,-0.5332,3.0127
PTGFR,-4.6082,-2.1779,-4.2934,-3.816
PTGS2,-0.8084,-0.4521,-0.8599,-1.8836
PTK2,5.3733,5.4806,4.0688,6.2438
PTK2B,2.2842,2.8341,2.0218,2.9413
PTPN1,3.5547,3.5935,4.5528,3.2049
PTPN11,3.0234,3.6006,3.6939,2.5112
PTPN2,3.7116,4.6277,4.8074,4.5066
PTPN5,-2.9324,-2.9324,-3.458,-4.035
PTPN6,5.3622,5.0492,4.7517,4.9668
PTPN7,1.4441,0.9343,0.9493,0.3573
PTPRC,2.5876,2.0289,1.9564,1.6604
PTPRF,6.0813,8.5096,7.2193,6.8434
PTPRR,-3.6259,-1.6394,-2.0529,-0.0277
PXN,4.6352,5.6041,5.1035,4.6543
PYCARD,5.24,3.38,4.6468,5.0926
PYDC1,-0.9132,-9.9658,-2.1779,-9.9658
PYDC2,-9.9658,-9.9658,-9.9658,-9.9658
PYDC5,0.0,0.0,0.0,0.0
PYGB,4.1244,5.0679,5.1623,5.5407
PYGL,4.4496,3.0637,3.8857,4.096
PYGM,-2.2447,-1.2142,-1.9379,-1.1172
RAB10,5.9232,6.0115,6.3248,5.8199
RAB11B,6.4211,6.2388,7.2586,6.4196
RAB14,3.652,4.4582,4.4067,4.6416
RAB2A,6.6358,6.6266,6.7556,6.9065
RAB5A,4.554,4.7872,5.178,4.7016
RAB5B,4.6949,6.3941,7.8365,5.6502
RAB5C,7.953,6.4621,7.4072,6.0202
RAB8A,5.1268,5.6047,5.6094,5.2843
RAC1,8.129,7.5881,7.8123,8.3494
RAC2,4.2609,3.3177,3.5274,2.96
RAC3,4.7049,4.4887,3.8551,4.0748
RAF1,4.9098,5.613,5.3342,4.7296
RAG1,-1.8836,-0.4131,-0.6193,-1.1172
RAG2,-9.9658,-3.3076,-3.458,-9.9658
RALA,6.1857,3.8411,4.5516,4.3917
RALB,4.7231,4.2654,3.9337,5.0286
RALBP1,3.836,4.5311,5.3827,5.4896
RALGDS,3.3869,4.7132,5.3551,3.5199
RAP1A,5.9338,4.5988,4.7027,5.3551
RAP1B,6.0573,7.0048,6.3381,5.3719
RAP1GAP,3.6184,3.0145,5.5705,4.3442
RAPGEF1,3.2617,4.3177,3.837,2.6185
RAPGEF2,1.7954,2.0183,2.6161,2.0254
RAPGEF3,2.4597,2.6579,3.7324,3.1669
RAPGEF4,-0.8339,0.1257,0.0014,0.434
RAPGEF5,2.3536,1.4281,0.9191,1.6187
RAPGEF6,0.7321,0.679,0.7579,0.9568
RARA,4.2465,4.859,5.4986,3.4843
RASA1,1.7702,2.7721,3.4451,2.4805
RASA2,1.9638,1.0983,1.3167,1.3225
RASA3,1.3567,1.7702,0.8883,2.1638
RASA4,2.7357,4.0269,3.7259,5.8518
RASA4B,2.1147,3.3364,3.4384,4.8983
RASAL1,2.6738,1.9415,1.4335,3.0961
RASAL2,0.2277,2.0218,1.2271,1.7053
RASAL3,0.7058,1.0503,0.1776,0.4761
RASGRF1,-3.1714,-0.6873,-1.4305,-1.1172
RASGRF2,-1.8836,1.1641,-0.8599,-2.114
RASGRP1,-1.3921,0.3231,-0.4131,1.1833
RASGRP2,0.7493,0.2642,-0.5125,0.3231
RASGRP3,0.7146,0.9419,1.0079,0.2762
RASGRP4,0.9568,-0.013,1.3225,1.5165
RASSF1,3.2481,3.6301,2.93,3.8866
RASSF2,0.7748,1.8404,1.3567,0.4967
RASSF4,3.3535,2.7227,2.6138,2.6783
RASSF5,2.6828,3.242,1.0711,4.9635
RASSF6,-0.9971,-1.6394,-0.1345,-3.816
RBCK1,6.7382,6.6535,6.0007,6.2203
RBL1,1.2271,0.6969,0.679,0.0014
RBL2,3.1228,3.6312,3.6916,4.1954
RBPJ,2.6895,4.4667,4.1061,4.1061
RBPJL,-3.458,-3.6259,-9.9658,-9.9658
RBX1,6.3445,5.1744,4.9552,5.517
RCAN1,2.7422,2.7051,3.1261,1.787
RCAN2,0.4552,1.0363,1.2875,1.2815
RCHY1,4.8161,3.4881,3.1311,4.0705
REL,-0.0877,-0.1187,0.2881,-0.6643
RELA,6.5729,5.5735,6.3221,5.4182
RELB,4.8679,3.3619,3.7389,3.2389
RELN,-2.9324,-1.7322,-2.7274,0.2154
RET,-1.8836,1.0363,-1.2481,-0.2671
RFNG,6.0061,5.0365,5.1587,5.5255
RGL1,1.5415,3.1327,3.5608,4.2465
RGL2,5.0018,5.1647,5.4957,5.8048
RGMA,3.0808,3.4156,2.3135,0.5859
RGMB,1.6695,2.4857,2.3898,1.2209
RGS14,5.6485,3.74,4.2721,3.2826
RGS2,3.4318,3.5237,2.1147,1.7489
RHEB,7.4282,7.7078,6.1779,7.131
RHOA,9.2465,8.1695,8.4685,8.3899
RHOQ,5.426,4.9538,6.2911,3.9127
RICTOR,1.0642,1.4011,0.5568,1.2333
RIN1,1.4228,2.1114,0.679,2.1638
RIPK1,2.9052,2.5731,3.8925,3.6277
RIPK2,3.3061,2.8422,3.074,2.7594
RIPK3,2.676,1.9675,2.9674,1.4859
RLN1,-2.114,0.1519,0.1648,-0.6643
RLN2,0.5666,1.1316,2.3423,1.1447
RLN3,-9.9658,-4.2934,3.8126,-4.2934
RNASEL,-0.5543,0.9343,1.2209,0.9935
RNF125,-0.2845,-0.4719,1.1833,2.3788
RNF152,0.6332,1.5806,1.9264,1.0222
RNF31,5.291,5.0352,4.7055,4.9132
RNF43,1.9527,3.3307,3.6714,1.5563
ROCK1,1.884,3.0358,3.1344,4.4176
ROCK2,0.8082,2.4198,2.3508,1.2394
ROR1,1.5415,2.3337,2.328,2.4934
ROR2,2.4857,3.0498,3.794,3.8451
RPRM,-1.1172,2.5996,0.03,-3.0469
RPS6,11.81,11.9857,10.6934,10.7167
RPS6KA1,3.9728,3.0893,2.9205,5.2292
RPS6KA2,1.5854,2.5511,2.5036,2.6043
RPS6KA3,2.362,1.1897,2.7095,2.667
RPS6KA4,4.6077,3.7919,3.4661,3.6714
RPS6KA5,0.24,0.7832,0.2277,-1.9942
RPS6KA6,-0.1665,-0.9971,-6.5064,-1.3548
RPS6KB1,3.4007,1.8201,3.0893,2.0946
RPS6KB2,5.5085,4.9098,5.1098,5.0237
RPTOR,2.8562,2.6302,3.6219,2.5536
RRAGA,6.1179,5.8296,6.749,5.0153
RRAGB,2.2452,3.0671,3.9261,2.694
RRAGC,4.0926,4.2914,4.9364,3.8228
RRAGD,4.8645,3.0181,3.6691,1.8201
RRAS,7.578,5.9579,5.7099,6.7533
RRAS2,4.284,3.9515,3.2722,4.0471
RRM2,5.4893,4.0765,4.9036,2.9167
RRM2B,1.6234,1.934,2.6715,2.5658
RSPO1,3.7656,5.1989,-1.0262,5.3625
RSPO2,-9.9658,-5.5735,-6.5064,-6.5064
RSPO3,3.2096,0.688,2.118,-0.7588
RSPO4,3.1765,-0.5543,2.6208,3.6972
RUVBL1,6.7833,4.7323,5.9626,5.7445
RXFP1,-1.8836,-3.1714,-2.114,-2.7274
RXFP2,-5.5735,-9.9658,-9.9658,-9.9658
RXFP3,-9.9658,-6.5064,-5.0116,-5.5735
RXFP4,-3.1714,-1.3921,-4.035,-4.035
RXRA,3.0393,3.0927,2.5658,3.3003
RXRB,4.2373,4.6393,4.6787,5.1974
RXRG,2.0569,0.8408,4.6611,-3.3076
RYK,5.1014,4.504,4.2965,5.0527
RYR1,2.8562,2.6579,2.2019,4.034
RYR2,-4.2934,-0.3201,-3.0469,-2.5479
RYR3,-4.6082,-1.8836,-4.6082,-2.6349
S100A7,5.037,-4.035,-2.3147,1.8801
S100A7A,-2.9324,-9.9658,-9.9658,-3.816
S100A8,6.2687,1.4756,0.5271,3.5324
S100A9,6.318,2.8916,3.4437,6.0945
S1PR1,2.3871,1.3846,2.0673,2.0147
S1PR2,0.537,0.8327,3.1245,0.2762
S1PR3,1.6466,1.8604,3.2632,-1.3183
S1PR4,-0.4131,-0.0425,-0.3201,-1.3921
S1PR5,-0.7834,-0.7834,-1.8836,-3.3076
SAV1,3.3206,3.4048,3.6136,4.1002
SCD,6.374,4.8329,5.3844,4.6502
SCD5,4.0833,4.6781,2.3077,5.1235
SCP2,6.0898,6.1277,6.1934,7.7003
SCRIB,4.8151,6.7413,4.9021,6.2281
SEC13,6.8005,6.0295,6.2238,6.5604
SEH1L,3.9431,3.5149,4.0532,3.9213
SELE,-2.8262,-2.8262,-4.2934,-5.0116
SENP2,3.7149,4.2212,3.9929,2.9562
SERPINB5,-0.5756,0.099,2.2723,-3.6259
SERPINE1,2.8055,4.506,1.9895,1.7744
SERPINF1,4.9308,6.907,4.2017,3.1813
SESN1,1.5316,2.3732,2.6302,1.8801
SESN2,3.091,2.3926,2.4198,2.7972
SESN3,2.3251,2.8462,2.4008,1.4281
SETD7,2.5536,2.1114,1.7097,2.8055
SFN,6.0083,3.0411,5.2036,5.1684
SFRP1,0.8327,3.5262,0.8082,-3.1714
SFRP2,3.2526,7.8146,-1.7809,-0.1993
SFRP4,0.7146,5.6648,2.0569,0.1388
SFRP5,1.2875,1.0711,-6.5064,-2.6349
SGK1,7.1515,4.3082,3.6266,4.4842
SGK2,-1.685,1.4388,-0.1031,1.1117
SGK3,1.4388,1.3454,5.407,1.7053
SH2B1,3.4331,4.7929,4.7448,5.3027
SH2B2,3.0252,2.694,2.945,2.8422
SH2B3,2.2753,1.8119,2.3843,1.3167
SH2D2A,3.0825,0.9115,1.0847,2.4198
SHARPIN,5.8056,6.514,5.478,7.2361
SHC1,4.8575,5.7488,5.9397,5.2165
SHC2,0.2154,0.6145,-0.0574,1.0433
SHC3,-3.1714,-2.7274,-4.6082,-3.458
SHC4,-3.1714,-2.6349,-3.1714,-2.7274
SHH,-6.5064,-6.5064,-9.9658,-5.0116
SHISA5,7.4731,6.4138,7.9929,7.2901
SHOC2,4.1676,3.345,3.2988,3.0654
SIAH1,4.5021,3.6657,4.7672,3.8198
SIK1,-1.1488,-1.8836,2.0707,2.128
SIK2,1.3679,2.6325,1.4441,1.8801
SIKE1,5.4595,3.3393,3.8116,3.8788
SIN3A,4.3972,4.5766,4.7624,3.8798
SIPA1,4.3477,4.2593,4.1078,4.6634
SIPA1L1,3.5633,4.4115,4.447,5.0704
SIPA1L2,1.2696,1.4808,1.2209,1.8282
SIVA1,7.7608,6.5896,5.533,5.5081
SKAP1,5.1784,1.5709,4.1939,3.7006
SKP1,8.8995,7.6283,8.3651,9.2725
SKP2,4.49,3.2617,3.1971,3.1228
SLC25A31,-9.9658,-9.9658,-9.9658,-5.5735
SLC25A4,4.5982,3.3911,4.182,4.5154
SLC25A5,9.514,7.2588,8.7958,8.6375
SLC25A6,-0.987,-1.51375,-1.1847499999999995,-0.6958500000000001
SLC27A1,3.6532,4.4277,7.2653,3.6983
SLC27A4,3.4034,3.5827,4.1859,3.6612
SLC2A1,7.3584,7.9884,9.0234,9.3262
SLC2A2,-9.9658,-6.5064,-9.9658,-9.9658
SLC2A4,-0.7834,-0.7834,-2.0529,0.7321
SLC38A9,2.5036,2.5388,3.453,2.4412
SLC3A2,6.7843,5.9352,6.334,6.0583
SLC7A5,3.417,3.9709,1.5514,4.2048
SLC8A1,1.6093,-0.9686,1.4756,0.24
SLC8A2,-3.1714,-3.6259,-4.2934,-0.1665
SLC8A3,-6.5064,-9.9658,-6.5064,-9.9658
SLC9A1,2.945,3.3321,3.1908,4.1498
SMAD1,4.9308,3.3379,5.1486,3.3966
SMAD2,5.2495,4.1732,5.8677,6.1069
SMAD3,2.874,3.907,2.1114,3.3364
SMAD4,4.8074,4.4509,5.4624,5.353
SMAD5,3.4817,2.0776,2.4675,2.1378
SMAD6,3.0671,4.2064,2.5511,2.8641
SMAD7,1.692,3.3407,2.0673,1.5758
SMAD9,-0.9686,-0.2328,-0.0425,-1.8314
SMO,2.2175,4.9065,2.108,2.609
SMPD2,2.6348,2.609,2.4412,2.4544
SMURF1,3.1939,3.0568,2.676,2.5437
SMURF2,4.3234,2.93,3.4344,1.3956
SNAI2,0.7493,2.9224,1.0915,-0.4325
SNW1,5.0184,4.2072,5.1879,3.6748
SOCS1,6.5234,2.5731,2.108,-0.013
SOCS2,0.8408,0.9642,0.24,0.1257
SOCS3,3.7127,4.1061,3.421,4.892
SOCS4,2.1766,1.2576,1.614,1.0779
SOCS5,2.9784,3.1653,2.7889,2.3251
SOCS6,1.0079,0.7579,2.8301,2.376
SOCS7,2.0254,2.0673,2.4727,1.0293
SOD2,5.6879,4.6236,4.9069,6.3243
SORBS1,1.8801,3.0163,1.177,2.2237
SORT1,5.7304,4.1994,5.9098,5.4353
SOS1,2.3564,3.6543,5.8463,3.1095
SOS2,3.0393,2.8897,3.1011,3.0446
SOST,-3.3076,-1.4699,-2.5479,-4.2934
SOX17,5.8931,5.9105,6.3763,5.4087
SOX2,-9.9658,2.0395,-2.8262,-4.035
SOX9,4.6983,4.6809,3.3717,4.2906
SP1,2.909,4.3772,4.2571,3.5387
SPHK1,2.2633,2.7784,0.5666,2.5462
SPHK2,4.3169,4.1875,3.0961,3.4958
SPOP,4.5522,4.5952,5.0794,3.7961
SPOPL,2.5061,2.0878,1.8524,2.1213
SPP1,9.2326,6.5971,8.5415,8.8922
SRC,3.3703,4.1684,2.299,2.9839
SREBF1,5.033,4.8248,5.4912,5.6456
SRF,2.872,5.126,4.1939,2.4805
SRSF1,6.288,5.7798,6.6592,5.3965
SST,11.0425,2.824,10.8304,-0.1993
SSTR1,-4.6082,-5.0116,-5.0116,-6.5064
SSTR2,-2.3884,-2.7274,-3.3076,-4.2934
SSTR5,-9.9658,-9.9658,-6.5064,-9.9658
STAM,3.9617,3.1261,3.2251,2.7784
STAM2,3.2002,3.0127,2.7784,2.6984
STAT1,6.3698,5.6656,6.9862,5.428
STAT2,4.1376,5.9442,5.3961,4.373
STAT3,5.9709,5.8731,6.6417,5.3263
STAT4,-1.0262,0.1903,-0.6416,-1.7322
STAT5A,3.7061,2.9243,2.2753,3.4116
STAT5B,2.3019,2.2633,2.2421,1.9859
STAT6,4.6525,6.0514,5.0282,5.489
STEAP3,3.4197,1.949,1.1447,3.1195
STIM1,2.6738,3.5766,3.8105,4.0392
STIM2,2.4332,3.4583,2.8974,3.453
STING1,0.0,0.0,0.0,0.0
STK11,3.8157,4.0488,4.1931,3.8471
STK3,2.2452,3.8571,3.1701,3.9561
STK4,2.4544,2.8301,2.7422,1.8879
STMN1,9.1005,8.0732,7.8852,7.8638
STRADA,3.9691,4.1433,4.89,3.3264
STRADB,1.6281,2.982,2.1114,3.9874
SUCNR1,-0.1504,-1.0862,-0.5756,-2.5479
SUFU,2.9243,2.7161,2.909,2.1444
SUGT1,5.3263,3.7919,3.834,4.4751
SYK,3.2677,3.5249,4.9251,4.1153
SYNGAP1,2.4225,4.2714,3.8013,4.3104
TAB1,2.0004,2.7161,2.8014,2.3871
TAB2,3.8759,4.4836,4.3009,4.4364
TAB3,1.8996,1.5998,2.4252,-2.1779
TACR1,-3.816,-2.1779,-1.7322,-1.0262
TACR2,-0.5973,-0.9406,0.058,2.2421
TACR3,-6.5064,-9.9658,-5.5735,-9.9658
TANK,4.9393,5.2814,4.4654,4.597
TAOK1,1.5465,2.1476,2.6647,1.0433
TAOK2,2.8799,3.9506,3.5249,3.6972
TAOK3,2.108,3.1212,2.3898,2.5511
TBC1D1,4.0994,4.696,4.848,3.8126
TBC1D4,-0.0877,1.6649,0.434,2.4063
TBC1D7,4.5324,4.1859,5.434,6.7766
TBK1,1.8879,3.2267,2.7379,1.9712
TBKBP1,2.4359,1.9264,1.6512,1.6234
TBL1X,3.6195,1.9712,2.6805,2.6418
TBL1XR1,5.7156,5.8329,4.9137,4.208
TBL1Y,-9.9658,-9.9658,-9.9658,-9.9658
TBX3,-1.7322,0.9642,-0.9971,-0.8339
TBXA2R,-0.3752,-0.7346,-0.4521,-0.5756
TCF3,5.9177,5.6764,5.1847,4.1236
TCF7,4.2541,3.9719,4.5318,4.8405
TCF7L1,1.4335,4.0331,1.5514,-0.3022
TCF7L2,4.4061,4.0037,3.3787,3.1228
TCL1A,-3.0469,-3.6259,-3.6259,-9.9658
TCL1B,-4.6082,-9.9658,-5.5735,-9.9658
TEAD1,4.225,3.0393,3.1701,2.8819
TEAD2,5.6963,6.0106,5.1019,5.0475
TEAD3,3.335,4.7082,4.1796,3.8798
TEAD4,4.538,4.2442,2.4306,4.6577
TEC,1.0847,1.7489,1.9895,2.5087
TEK,-1.2142,1.177,1.5115,-2.0529
TELO2,2.96,5.3277,3.3119,3.9506
TF,-1.3921,0.7832,-1.3548,-0.5973
TFAM,4.8866,4.0278,3.6883,3.944
TFDP1,6.2646,4.3695,3.9829,5.257
TFF1,-4.035,-4.2934,-1.1811,-2.7274
TFRC,6.2017,5.3583,4.3017,4.6725
TGFA,-1.7322,0.6969,-0.8084,1.9226
TGFB1,4.8405,4.3306,4.4855,4.5117
TGFB2,1.0573,1.8282,2.6185,1.125
TGFB3,1.2696,4.1061,1.0151,0.9642
TGFBR1,2.0183,3.034,2.727,3.2313
TGFBR2,4.0357,3.7571,3.421,3.6312
TGIF1,5.7187,6.4069,5.8291,5.8689
TGIF2,4.6101,4.8069,5.5227,3.6125
TH,-2.114,-3.816,-9.9658,-0.5543
THBD,1.0222,0.4447,0.8726,-0.3201
THBS1,4.1804,5.6268,3.0825,4.0037
THBS2,1.787,5.3597,1.412,0.6608
THBS3,5.0027,5.2814,4.5224,4.373
THBS4,-1.8836,1.3679,4.2181,-0.5543
THEM4,3.0145,4.1136,3.5547,3.3134
THPO,-4.6082,-1.9942,-4.035,-9.9658
THRA,4.3017,4.4277,5.1182,3.8481
THRB,3.3264,0.4552,0.3907,2.6067
TIAM1,2.676,1.0433,2.5213,1.4388
TICAM1,3.2049,2.1114,2.1894,2.4675
TICAM2,0.4233,0.1776,-0.5332,0.6699
TIMP1,8.3934,9.2097,8.8361,8.8216
TIRAP,0.605,1.5902,0.1388,2.3394
TKFC,4.8704,5.3653,4.2204,4.7296
TLE1,5.2582,5.2426,5.9016,5.961
TLE2,4.7088,4.0055,2.9243,3.7475
TLE3,4.0875,4.8768,3.449,4.2434
TLE4,3.8002,2.667,1.3511,1.9712
TLE6,2.4144,-0.1187,1.0847,0.537
TLE7,0.0,0.0,0.0,0.0
TLN1,5.8951,6.9922,6.9702,5.6876
TLN2,0.9568,2.6395,0.688,2.8096
TLR1,1.9638,1.3283,1.6512,2.036
TLR2,1.6558,0.3115,1.2209,0.9493
TLR3,0.9343,1.0779,2.7742,1.7009
TLR4,1.3511,0.3685,0.6425,0.1388
TLR5,0.4016,0.8647,2.0912,2.7594
TLR6,-1.0262,-1.8836,-1.1488,-0.2671
TLR7,0.5271,-0.4921,0.099,0.0854
TLR8,-1.0862,-2.2447,-1.7322,-2.3884
TLR9,-3.6259,-1.2481,-0.9406,-0.2328
TNC,1.9931,1.7141,-0.7108,0.9115
TNF,1.0711,-0.4325,-0.6193,0.3231
TNFAIP3,3.2158,3.0092,2.9319,2.1541
TNFRSF10A,1.595,0.2522,0.2522,1.125
TNFRSF10B,3.7582,2.5658,1.8484,2.2421
TNFRSF11A,0.3685,-2.6349,0.099,-1.1811
TNFRSF13C,-2.1779,-0.8863,-1.5951,-1.7322
TNFRSF1A,7.3429,7.3001,7.0918,7.1432
TNFRSF1B,3.2707,2.2753,2.3451,1.787
TNFSF10,7.1902,5.1351,5.2987,3.3856
TNFSF11,-2.3884,-2.5479,-5.5735,-3.458
TNFSF13B,2.7805,1.7009,1.7185,2.1541
TNFSF14,1.3735,-0.6416,-0.6416,-1.0262
TNN,-3.816,-3.3076,-3.6259,-5.5735
TNNI3,5.6349,3.5287,1.4756,2.3479
TNR,-9.9658,-9.9658,-9.9658,-9.9658
TNXB,0.0718,1.3846,1.8918,1.412
TOLLIP,5.1567,3.8451,4.6933,5.0951
TP53,2.4252,3.7614,5.6068,5.5717
TP53AIP1,-5.5735,-3.1714,-3.1714,0.7493
TP53BP1,3.0757,3.6657,2.5087,3.5742
TP53BP2,3.4661,3.2127,3.7804,3.6148
TP53I3,5.4728,4.4054,5.427,4.6798
TP73,0.7493,-0.7108,0.6517,-1.1172
TPTEP2-CSNK1E,0.0,0.0,0.0,0.0
TRADD,3.3032,2.791,3.3619,4.1867
TRAF1,-0.0877,0.7321,-0.5125,0.9191
TRAF2,2.0465,2.876,2.4883,1.8201
TRAF3,2.0742,2.7931,2.8916,1.8683
TRAF3IP2,1.5316,4.2639,3.0927,2.4359
TRAF4,4.7698,5.4774,5.774,5.0794
TRAF5,1.2333,3.4371,1.8201,4.2855
TRAF6,2.0638,1.8242,2.3953,1.7446
TRDN,-6.5064,0.1519,-0.7834,-3.0469
TRHR,-9.9658,-9.9658,-9.9658,-5.0116
TRIM25,4.0019,3.7603,4.5754,3.2973
TRIP10,5.0405,4.4667,4.4894,3.8501
TRIP6,5.6619,5.3292,4.5161,6.4845
TRPC6,-1.3921,-0.5543,0.1124,-2.2447
TSC1,0.9716,2.8622,3.222,1.2576
TSC2,4.3723,7.1669,5.8415,4.9915
TSHB,-9.9658,-9.9658,-9.9658,-9.9658
TSHR,0.1903,-1.9942,-2.9324,0.5271
TSLP,-4.035,-2.6349,-5.0116,-6.5064
TTI1,3.5199,3.6838,4.0713,2.9013
TXN,7.2211,6.8368,7.1831,8.0927
TXN2,5.8038,5.3281,4.6195,5.6282
TXNIP,5.1441,7.2229,7.5649,7.1922
TYK2,4.3883,5.4084,7.5031,4.8405
UBC,8.9971,9.1566,9.7422,8.8219
UCP1,-3.816,-4.035,-0.5973,-5.5735
ULK1,2.2113,5.079,5.1696,2.8897
ULK2,1.5165,0.9789,2.4386,2.2633
USP25,2.299,4.3442,3.927,4.2281
USP7,6.672,5.3445,4.4257,3.6018
VANGL1,2.5188,3.8531,3.9709,2.6738
VANGL2,1.5514,3.5608,3.2692,1.9034
VASP,6.4191,4.97,4.5398,5.6491
VAV1,2.8582,0.8327,3.0358,0.6332
VAV2,1.6466,3.9356,-0.8084,2.6185
VAV3,3.9403,-1.5522,1.766,1.6327
VCAM1,2.9893,3.1653,0.2998,-0.0277
VDAC1,7.4084,5.5217,6.5844,7.5099
VDAC2,7.7156,6.689,6.8999,7.9145
VDAC3,7.147,6.1615,5.5659,6.4142
VEGFA,4.9819,5.4916,6.2956,6.767
VEGFB,6.9318,6.4637,6.755,6.8189
VEGFC,0.9343,1.3735,2.982,-0.1031
VEGFD,0.0,0.0,0.0,0.0
VHL,4.0748,3.7762,4.5946,3.4264
VIP,-9.9658,-5.0116,-5.0116,-4.6082
VIPR2,-4.2934,-1.5522,-3.0469,-0.9132
VTN,-2.5479,-1.1172,-2.6349,-2.5479
VWF,2.6019,2.5188,3.9608,3.3278
WAS,2.8661,2.1411,2.7657,2.1638
WDR24,2.6693,4.3625,2.876,2.1638
WDR59,3.3435,4.2366,4.5638,4.8987
WIF1,-3.6259,3.644,-5.5735,-2.7274
WNT1,-6.5064,-3.816,-5.5735,-9.9658
WNT10A,4.5687,4.3786,2.5112,4.546
WNT10B,-4.035,-2.114,-6.5064,-3.816
WNT11,0.3115,6.4895,3.5424,2.8076
WNT16,-6.5064,-3.458,-6.5064,-5.0116
WNT2,0.7058,0.5666,3.865,-2.4659
WNT2B,-2.8262,0.9419,-0.6873,-1.0262
WNT3,-0.8339,-2.0529,-4.2934,-1.4305
WNT3A,-3.1714,-3.1714,-3.1714,-3.0469
WNT4,-2.8262,2.9167,-2.0529,-1.1811
WNT5A,0.2762,-0.1828,0.547,1.5013
WNT5B,0.3796,4.0935,-1.9379,1.0433
WNT6,3.7688,5.4829,1.7053,-0.1031
WNT7A,-1.7809,2.1047,4.8028,1.7053
WNT7B,-2.6349,2.8462,-0.9406,3.2096
WNT8A,-9.9658,-9.9658,-6.5064,-9.9658
WNT8B,-3.458,-1.5105,-3.6259,-3.816
WNT9A,-0.1665,-1.1811,0.3231,1.8762
WNT9B,-5.0116,-4.2934,-6.5064,-6.5064
WTIP,3.0723,3.9874,2.2723,4.6508
WWC1,4.1433,3.863,4.1433,4.1498
WWTR1,5.7027,4.5814,4.5436,3.4843
XCL1,-1.8836,2.036,0.688,-1.2142
XCL2,0.7999,-0.1031,-0.3566,0.2762
XCR1,-3.816,-3.0469,-2.5479,-5.5735
XIAP,1.8801,1.8918,2.6418,1.6649
YAP1,4.3814,5.4219,4.7507,5.5097
YWHAB,6.7045,6.8314,6.9589,6.3089
YWHAE,8.8756,9.5047,7.6165,8.1457
YWHAG,5.5283,4.2766,5.1518,4.9468
YWHAH,6.5375,5.7793,6.5537,6.8318
YWHAQ,7.5245,8.0439,8.1687,6.7553
YWHAZ,8.1766,8.033,8.1225,8.5601
ZAP70,-0.9971,0.8246,-0.1031,-1.9942
ZFYVE16,1.9111,2.0776,2.7805,1.6785
ZFYVE9,1.7097,1.9264,2.296,3.0163
ZMAT3,1.1447,1.1833,0.434,0.9038
ZNF274,3.3492,3.4451,2.6579,3.3773
ZNRF3,1.3901,2.7227,3.1294,1.5013
